PLAYER,TEAM,POSITION,CLUSTER,PC1,PC2,PC3,PC4,PC5,PC6
James Harden,HOU,G,6,2.9315920506365853,1.5227492523181778,1.354774129274576,-1.2295302659793768,-0.34821952534980605,-1.4213115401938745
Paul George,OKC,F,6,2.3724016741726803,0.9136229832352113,-1.4975821622616132,-0.8366980603167848,0.2952406643442488,0.38011628241636514
Giannis Antetokounmpo,MIL,F,1,1.376769309267432,2.275727563301537,-0.3802523138825968,-1.2840825702458734,-0.16140125326325,-0.7198367051840173
Joel Embiid,PHI,F-C,1,0.7023590844980827,3.123232139343016,-0.5977654231444592,0.03854916725707971,-0.13501463159536592,-1.3631843596781879
LeBron James,LAL,F,6,1.9572300626462942,1.2577172247217252,0.47425418938657465,-1.6242147874758321,0.9560391663797599,-1.5320154171736504
Stephen Curry,GSW,G,3,2.177598881649873,0.28097287255365955,-1.6088609304331685,1.7071417208157451,1.9088088924021818,-0.013228120822279626
Kawhi Leonard,TOR,F,6,2.128524755295234,1.0356690943359308,-0.6451413529438573,-0.592089575773243,-1.4975427788007858,-0.39566660893806627
Devin Booker,PHX,G,6,1.9391037410247145,0.6625359543844026,1.0817431037687437,0.1919837663315326,-0.4337083757800591,-0.3399426661043904
Kevin Durant,GSW,F,6,2.0234473825748487,1.1901651936662099,-0.23318488584644353,0.07835216736888459,-1.5112639527137846,-1.2747505611901475
Anthony Davis,NOP,F-C,1,0.9493060146958898,2.6691658432417014,-0.9289217643966989,-0.6857952006578625,0.21746828310175667,-1.1833683529582837
Damian Lillard,POR,G,6,2.2768518658809973,0.28030444681081923,0.5629471252835286,1.6053952240970075,1.0440346697765488,-0.39377107955569013
Kemba Walker,CHA,G,4,2.513659968329738,0.37622856550429074,0.520218519172529,-0.12118970152947296,2.52728622210373,-0.003804626661907712
Bradley Beal,WAS,G,6,2.3708505196577425,0.8395532177623936,-0.5384138746936231,-0.19517913140403023,1.0472273815934428,0.4090357602258177
Blake Griffin,DET,F,4,1.4402647692400736,1.3738399780173427,-0.009153644555279884,-2.1182032164411906,2.4819367401827264,0.9424350590812588
Karl-Anthony Towns,MIN,C,1,0.5164907389940245,2.859343619801929,-0.9347706218048005,-0.2434674758971914,-0.8782170098172409,-0.3926725388722006
Kyrie Irving,BOS,G,6,2.4793745365528856,0.6354654829978942,0.1834476667135284,0.06657313969424272,1.0243737165004028,-0.9148629892530334
Donovan Mitchell,UTA,G,6,1.9497478287508982,0.27951614264964536,0.5508407346258415,1.664186988403224,0.2758269222422847,-0.7996316456850671
Zach LaVine,CHI,G,6,1.7266977964562915,0.35008457796945486,0.09205516781739387,-0.6843293280087419,0.6472113897822535,-0.8325717610016403
Russell Westbrook,OKC,G,6,2.4262303591579713,0.9682906671319803,1.4246671352025018,-2.431090950289403,0.2804859684417735,-0.8825459245528721
Klay Thompson,GSW,G,3,1.2927093320362808,0.26457597959909274,-2.343909418307484,2.294462757253784,0.7108201767179404,0.2485986388934946
Julius Randle,NOP,C-F,1,0.6247518736944757,1.607339914731258,-0.6988499609875034,-1.650037341666622,-0.9134319813485366,0.8138606306213454
LaMarcus Aldridge,SAS,C-F,1,0.02770186934322104,2.808586137663976,0.016039586932026995,1.353380719871917,-1.2200083829877015,-1.8184641863371798
DeMar DeRozan,SAS,G,6,1.8235641611778255,1.002162275569995,1.9093858770108565,0.7516038126197357,-1.5099025730563234,-0.24978097638513197
Luka Doncic,DAL,F-G,6,1.7075564780133554,0.7465923020066253,0.897213129355626,-0.46136194180134166,0.054305972863883605,0.6244479930764975
Jrue Holiday,NOP,G,6,2.314439374892949,0.9466462325616362,0.4967296500976677,-0.30827649655426426,-0.21659488925660916,0.48175923414844546
D'Angelo Russell,BKN,G,6,2.2892139403819423,0.14975016975063313,1.5496324184477697,0.8738342949043814,-0.38377559567159303,-1.8134866092864004
Mike Conley,MEM,G,6,2.2839981475235644,0.2502169092442528,0.5084651685854015,0.8356566551300368,0.06888926646911396,0.22228003844536515
CJ McCollum,POR,G,6,1.6288004578607238,0.2910534922947752,0.001073001445363547,3.616636700990881,0.24396645078551404,-1.3740373411049953
Nikola Vucevic,ORL,C,1,0.16732680306923378,2.9295914821091524,-0.5460031290739186,1.060810597943741,-0.9904027593439552,-1.055716720847823
John Wall,WAS,G,6,2.0838208522389055,0.528413315423326,1.8098761965200192,-1.9580132769414458,-0.5572733117179833,0.3052874845092256
Buddy Hield,SAC,G,3,1.3635365904224763,0.1511534645181307,-1.676812887158983,0.655457544660178,0.7243531703530945,0.5757701286255223
Nikola Jokic,DEN,C,1,0.840136863411981,2.4861859353091185,0.4046447639154028,-0.26481128815204646,-0.8359683263895754,0.7227363295195199
Tobias Harris,PHI,F,6,1.0463782133878965,0.8348445817983553,-0.8205848628665496,0.6004083877816447,-1.201261023230797,-0.16607266498971368
Lou Williams,LAC,G,6,1.5321926956911673,-0.25262357289846754,1.175948618285756,0.4172788779353259,-1.0850380429451087,1.1448330942351894
Danilo Gallinari,LAC,F,5,0.7887896839746686,0.6000525339007865,-1.064742537797462,-0.08660841811350173,0.7641075885942086,-0.8713659781945345
John Collins,ATL,F-C,1,-0.1923049293110667,1.828601008135996,-1.1829639638598108,-0.9716345581210734,-0.1814697850613177,0.0830157210290298
Trae Young,ATL,G,6,1.8886318513309646,0.11460181268260676,2.092237676144735,0.3544221852173069,0.016677760972505628,-0.010895293129051183
Victor Oladipo,IND,G,4,2.549019527999188,0.18168988611825196,0.44886594792514706,-1.5521141867778252,2.674552076672305,1.3289705305419732
Lauri Markkanen,CHI,F,5,0.275926061166543,0.9304518909551258,-1.3239656579499772,-0.021647993275062526,-0.2639001389188738,0.2124600857562235
Jimmy Butler,PHI,G-F,6,1.4483772607097358,0.7725609359623805,-0.08302365905299688,0.12469099809290424,-0.1980500347532411,0.3856747936022577
Kyle Kuzma,LAL,F,5,0.4959651126387228,0.7987242033959846,-0.7790847899081483,0.211271602033265,0.16819584686715067,0.381454247030312
Khris Middleton,MIL,F,6,1.503133102653284,0.2061620222584425,-0.03421960892487004,0.7347061822175213,-0.7442911659118837,-0.2506725022410856
Brandon Ingram,LAL,F,6,1.0786526926307938,0.5892228407307015,0.3694314575450918,0.030102318350330306,-1.2979103126404925,0.8089276209088173
Jamal Murray,DEN,G,6,1.7946681647450264,0.2680469865948778,0.19921791640260966,1.3650858997993707,0.33331999836528337,0.1882880344209119
Andrew Wiggins,MIN,F-G,5,1.1931189700491818,0.5164903125067025,-0.6575111907124277,-0.3962809423942128,-0.15424082170113504,0.047751344271865045
Tim Hardaway Jr.,DAL,G,4,1.1121639297670372,-0.13759842369144498,-0.9021560984744599,-0.27945440827665774,2.637466724288333,-0.3339764920347089
JJ Redick,PHI,G,3,0.8344640920610928,-0.6957600246703156,-1.5243155318500152,3.3834257443209794,2.6744074072956368,-0.23492829916988292
Derrick Rose,MIN,G,6,1.4277498165727338,0.014007444940836026,0.5209970561150018,0.529660734731078,-0.6895694599873033,-0.5558432012303437
T.J. Warren,PHX,F,5,0.8125772234933825,0.28600336316390323,-1.3916515312453555,-0.6212978432274483,-0.7498933549647798,0.16953842674247802
Bojan Bogdanovic,IND,F,3,0.876298276963851,0.015111897279780693,-1.5031555377672445,1.1674684416969974,0.09287529166490122,-0.11497541995827999
Andre Drummond,DET,C,2,-0.6792701599819174,3.0631729304638315,0.4703923295915082,0.24394701292389512,0.6884662863345552,0.9613201585662032
De'Aaron Fox,SAC,G,6,1.6904513092388331,0.2779563475503177,0.7828276210309929,-0.9886002855277597,-0.7979768807422325,0.0474844689248495
Kevin Love,CLE,F-C,5,-0.11996198521913069,0.5612882414170172,-1.0238343514883474,-1.4098262352988162,2.8485366599084276,2.63160765832386
Pascal Siakam,TOR,F,6,0.8707082424730487,1.0617108570311857,-1.1200880623542862,-0.7675942361435847,-1.1221110411724606,-1.055569841220038
Ben Simmons,PHI,G-F,1,1.076292558754537,1.6040109267439362,0.9279341443133319,-1.211881684982966,-1.0606640659940116,1.9589491105076127
Jordan Clarkson,CLE,G,6,0.8866624569253077,0.0660461684099587,0.2563076744720646,0.9239626867026254,-0.7344653113078576,-0.29926041388662095
Spencer Dinwiddie,BKN,G,6,1.0803591366776668,-0.14517221744892259,1.3701357181790021,1.0422545120582065,-0.19730324957278195,0.005657086511578844
Collin Sexton,CLE,G,6,1.3738351451027326,-0.026286492994868946,0.4601792062990856,-0.06979871840103849,-0.04236258714676756,-0.29330898752668655
Clint Capela,HOU,C,2,-0.8624951520117162,3.0775437523156315,0.015332189372368877,1.0100975971665538,2.3467535985408396,0.2523224727490979
Montrezl Harrell,LAC,F-C,2,-0.5998384984719335,2.2831496623327006,0.12794437286834562,0.1066331723502091,1.3128947627722942,0.8145074306240666
Josh Richardson,MIA,G-F,6,1.7297454608371328,0.05165376821242263,-0.19161708835555072,1.3542067556859962,0.604834338737308,-0.06485794151954145
Harrison Barnes,SAC,F,5,0.5404006826739316,0.2778655251800767,-1.3135153908725679,-0.6966402549803077,-0.22933936608174105,-0.861590797315797
Deandre Ayton,PHX,C,2,-0.5261406279089151,2.9706095298644035,0.6993307699642033,0.6331789768171835,-0.9646579362847223,0.49292501234295555
DeMarcus Cousins,GSW,C,4,0.46136300734279584,1.8519780856310857,-0.21726526585467762,-1.8959648946841914,1.9886876538596499,-0.050650892669215186
Eric Gordon,HOU,G,3,0.4409604342139169,-0.5244002096579031,-1.4384127044583124,0.12690782410886917,0.8473191649053509,0.5454304761230395
Aaron Gordon,ORL,F,5,0.6263333277537955,0.7489436707552206,-0.39699948134170965,0.6541856024525907,0.4383968707600678,-0.30752531844909997
Eric Bledsoe,MIL,G,6,1.4976496900034995,0.36935700254322723,0.21178344530336207,0.6527523564003886,0.2764133647831946,0.5895327456360113
Rudy Gobert,UTA,C,2,-1.2266606860560016,3.4977594731686654,0.20223520884250176,1.4760634832641522,1.7701284864242368,0.6817868319253145
Jayson Tatum,BOS,F,5,0.9276302360342666,0.3064143886920136,-1.1475707458402287,-1.0065347841225842,-0.5511784737562461,0.9702028377182278
Malcolm Brogdon,MIL,G,6,1.1005915753304485,0.08621269035655446,-0.6955258555354571,2.0745071897785263,0.6373407538709728,-1.0262494403455307
Jusuf Nurkic,POR,C,2,-0.8200828071147414,2.394155486562537,0.632819948887859,-0.1487328737757261,-0.6267018315068033,0.38580553305288945
Chris Paul,HOU,G,6,1.900199396675815,0.14143511896196936,1.8769460649878404,-1.5293446537241386,-0.9003056156502738,-0.24575987788539158
Jonas Valanciunas,MEM,C,2,-1.040899112606665,2.3428141279260144,0.1628990673908455,1.4739452788131542,-1.4388928056661885,0.47211351192552853
Dennis Schroder,OKC,G,6,1.1318069224686247,-0.1043150970495683,0.9975315004019765,-0.03115564640199457,0.27157647703101,1.0325614981194684
Reggie Jackson,DET,G,6,1.1415767380450474,-0.3049949371496201,0.5164625400146176,-0.07925892166772427,-0.3645717576154556,0.057267811587495034
Jeremy Lamb,CHA,G,6,1.0958278481519461,-0.11332097834533228,-0.5046602918958831,0.2482439210350677,-0.7940996097409483,-0.30212416026042405
Kelly Oubre Jr.,PHX,F,5,0.45094802826414004,0.07854535478684531,-0.8456385747505287,-0.6903376556162242,0.13339863714525407,0.07725943389493278
Nikola Mirotic,MIL,F,5,-0.0563656654758622,0.3478638455616036,-1.7289128856396694,-0.009788326586265335,-0.715990664047635,0.07739200844020702
Evan Fournier,ORL,G-F,6,1.0774971956216925,-0.08583229815295432,-0.020582819741481878,2.3869684206790627,0.11344410389252219,0.43757300834646023
Terrence Ross,ORL,G-F,3,1.026093118195957,-0.49551422810054,-1.4043228553668066,2.111848599185764,-0.012823348755942508,0.21757759895377166
Dwyane Wade,MIA,G,6,1.057315328758388,0.0020234552306042084,0.6457764454173035,-0.7163073084865172,-0.719835534731503,-0.796376558312322
Serge Ibaka,TOR,C-F,1,-0.5040557488306155,1.9387185995627905,-0.5801956087182774,1.036390464405154,-1.0832960218992718,-1.0159032081563433
Marvin Bagley III,SAC,F,1,-0.2005616314553616,1.2600980003066375,-0.3976412038848299,-1.2365800735480832,-1.4739554975118063,-0.4346869437836535
Emmanuel Mudiay,NYK,G,6,1.1948325835708877,-0.13006891005791155,1.2651685925591027,-0.17595417463467553,-0.38108778215678024,0.5891488390350711
Jabari Parker,WAS,F,1,0.2457148797331203,0.5410802264066625,-0.1736276251513105,-1.3440372826829892,-1.5116615386216257,0.6114057352652565
Kyle Lowry,TOR,G,4,1.761245432755003,0.09862971376791364,0.6166735272961829,-0.003443736518827894,2.43135131408245,-0.5127288192357489
Bobby Portis,WAS,F,5,-0.36748455293366006,0.8129849625584813,-0.5805391338759579,-1.115229030242586,-1.1182509563062664,1.620636975416912
Bogdan Bogdanovic,SAC,G,6,1.0572768303252902,-0.19410157234391226,-0.04908926251865125,-0.17066344092863475,-0.18231942626194275,-0.5240088223913226
Domantas Sabonis,IND,F,1,-0.6133333927571184,1.9093328905753293,-0.3263486569383246,0.48515466491282183,-0.8224864784568904,-0.30582945197871975
Marcus Morris Sr.,BOS,F,5,0.27127685251168143,0.1523402222654547,-1.2972166086465304,-0.4424902548805588,-1.4609971173137881,0.4942243400516796
Otto Porter Jr.,CHI,F,6,0.8170581077431174,0.012699228898852045,-1.0798098344430842,0.26098847888098287,-0.5790472034381522,-0.14056192840950152
Steven Adams,OKC,C,2,-0.6251382176859615,2.8815954709708542,1.0280670292510423,0.8242703230738857,0.5908690976753913,-0.1427437807522219
Jaren Jackson Jr.,MEM,F-C,1,-0.39201402414325226,1.3377239307369169,-0.7937859202238398,-1.850332635359979,-1.30852150772818,-0.2197107045484719
Goran Dragic,MIA,G,6,1.12658450609242,-0.2994498511508915,0.6310263909856203,0.33944903315925967,0.579123063039081,-1.4163140785663146
Rudy Gay,SAS,F,6,0.5832463308287322,0.38604018048373023,-0.28691977786886713,-0.5343518572890699,-1.3234186942675066,-1.7068869466738514
Joe Harris,BKN,F-G,3,0.376135496980477,-0.12630265557289058,-1.7649741295227435,2.102115077380696,1.0929623594480853,0.19948235026413097
Caris LeVert,BKN,G,6,1.151161473728662,0.1391162484257243,1.30279109932981,0.6800002930260308,0.22935109905506446,1.5803919729201819
Enes Kanter,POR,C,2,-1.0472669222233535,1.706203145056074,0.31607674067485914,-0.12668648218126782,0.14724622335408333,-0.42802000396637885
Jerami Grant,OKC,F,5,0.022765780089226795,0.5851795923166015,-2.017496041325683,-1.4800936986528084,0.6442600983370967,-0.06932077297205048
Dennis Smith Jr.,NYK,G,6,1.297490560222361,0.06147315734541898,1.2657797926082792,-0.7424967667238029,-0.18779268952618802,-0.09210551913345498
Al Horford,BOS,C-F,1,0.1625587330638407,1.7890031906097357,-0.42862428297447147,0.6693155255214048,-1.7452058722858148,-0.05700328209044541
Marc Gasol,TOR,C,2,-0.10360945094320059,1.2457391228377757,0.3620864420981952,-0.6577710467889197,1.1175415137644522,-0.63338983996577
Taurean Prince,ATL,F,6,0.571729026602589,-0.5167363527474955,-0.7340310495284005,-0.08633790094012776,0.30375665886481695,-0.17990756026777907
Carmelo Anthony,HOU,F,5,-0.14026470189359266,0.0747488490003226,-1.0863794410759111,-2.69082268484259,-1.9707327174342004,1.8309812266388583
Myles Turner,IND,C-F,1,-0.6178100546729554,1.8029222637226838,-1.0528555754042543,-0.158362620795032,-0.9128867013595133,-0.048504500024882345
Robert Covington,MIN,F,5,0.8423834580259063,0.09180101185926334,-1.9243990714658175,-1.0607922941787398,0.40361294214154636,0.1781410924811245
Cedi Osman,CLE,F,8,0.2568352550461247,-0.24972926598702125,0.9123123414921444,0.08654728966761488,1.1336143496971283,0.5962353788955354
Jaylen Brown,BOS,G,5,0.45678335009729926,-0.06550433038974089,-1.0448256829462663,-0.44215127418634925,-0.7516201438345661,0.8296304345478733
Gary Harris,DEN,G,6,0.7369186546844345,-0.6850514541888431,-0.4989381488951171,0.9011147708646888,0.6391147814261351,0.8015702914996563
Kevin Knox II,NYK,F,7,0.20879975848804005,-0.39686400092538393,-0.5481521362730922,-0.714140604421192,0.08977005185572465,-0.9628747616061664
Ricky Rubio,UTA,G,6,1.5547244099512216,0.017116194700697543,1.2614928805243586,0.7429570868230322,0.49345253442671666,0.35124893147869113
Thaddeus Young,IND,F,5,0.2741180457260383,0.6564599916370351,0.5121361116108717,-0.9008763946529058,1.5819831363484413,1.7982065557479334
Paul Millsap,DEN,F,5,0.2773536984020703,1.0010796141117129,-0.7312014275256103,-0.7187110459379864,-0.25892887342002757,-0.18710400242949854
Justise Winslow,MIA,F-G,6,0.9765945800948036,0.07646395561405128,0.22397188219843522,-0.46185817151499986,0.13517697184480032,-0.0413710175948864
Trevor Ariza,WAS,F,5,0.8247663118660288,-0.30548429570538643,-1.1163147266052835,-2.1896766152635694,-0.12072420837525326,3.10192746276987
Brook Lopez,MIL,C,1,-0.09843774564818275,1.5347531816512148,-2.159833300467742,1.2252936698165158,-0.31132634388963626,-0.4101516481234158
Hassan Whiteside,MIA,C,2,-1.4692690958974006,1.9341256576357653,0.1333600173143878,0.14088169097249523,-0.556084827394776,-0.5249323772150116
Jeff Green,WAS,F,5,0.030856603203537118,0.4450879716209399,-1.4085046814810414,-1.5047630210506302,-0.28253024133305576,-0.810584500777951
Wesley Matthews,IND,G-F,6,0.5636845184807098,-0.47326023328769024,-0.7961495604058981,1.0024644904922984,1.1686210740853205,0.8033614959511124
Jeff Teague,MIN,G,6,1.3245291722243762,-0.3417426865740054,2.0051166912107394,-1.534411805862767,-0.16072383758804684,1.8987815159355617
Joe Ingles,UTA,F,6,1.3382214005463011,-0.4374197410954913,0.14432520127058304,1.4419950247918034,0.49980263156641147,0.21941221421561474
Dion Waiters,MIA,G,6,0.8191479349657712,-0.6289451145574745,-0.6714632215617958,0.09313084417444567,-0.4998472404495585,-0.9539754790027575
JaVale McGee,LAL,C,2,-1.3355853385582692,2.0604230133999555,0.0736986217853316,0.21795272197423143,-0.09191695778156495,-0.6306537430104588
E'Twaun Moore,NOP,G,3,0.3651635408054992,-0.3154224684215191,-0.8144001516470275,2.191000437991313,-0.3610590159616364,-0.7944851430692816
Willie Cauley-Stein,SAC,C,2,-0.292080345750684,1.4897942579819248,-0.5339340331239821,-0.4953176455994666,0.3485705555322203,-1.4000343246835953
Jae Crowder,UTA,F,3,-0.07603315990106037,-0.43418428455593594,-1.6557983944699968,0.42986705967132754,0.4525123953025025,-0.9448762564359092
Derrick Favors,UTA,F-C,5,-1.0870238685163425,1.5459309352015336,-0.5112110059318175,0.22540599668747327,-0.8479152398109212,1.7301760697114164
Bryn Forbes,SAS,G,6,0.6137713050571473,-0.7200668832185416,-0.7408643760765744,1.2503260867127564,-0.9180143382319647,0.7356943949801623
D.J. Augustin,ORL,G,6,1.215767044199406,-0.6648719485692274,0.7944193774446684,0.9086352943678953,-0.1132901487389462,0.8533759945935667
Kent Bazemore,ATL,G,6,0.5303283043104944,-0.33724750152711913,-0.05832754621184597,-0.4495561505676208,1.0737775823989368,-0.21965910234460195
Josh Jackson,PHX,F,8,0.2344846710996706,-0.17390228417835354,0.3302219331059288,-1.368183118572386,0.6635462190662297,-0.8847246907487085
Will Barton,DEN,G,6,0.44764666769921935,-0.3230357951356318,0.21430312016065875,0.5875287913849256,-0.20004402295275536,1.1088747912685386
Gordon Hayward,BOS,F,6,0.24534839379401438,-0.11339803910994756,-0.19300914320821055,0.6803542845772484,-1.3305646213500626,0.8793041260318155
Kentavious Caldwell-Pope,LAL,G,3,0.4633450330960891,-0.6649585097667989,-1.5912647336015702,0.45720438626980386,0.20088769461615033,0.34014592979181957
Malik Beasley,DEN,G,3,0.33241360477153437,-0.7245974274678871,-1.5597734436695228,0.9379812617368531,0.22473603575983414,-0.9155062137737768
Reggie Bullock,LAL,G-F,3,0.23356773713600465,-0.7264382607044199,-1.409593938467618,1.8015028204963155,1.0787622339823046,0.4972254774008502
Kris Dunn,CHI,G,6,1.3131968237257796,0.11514993232870196,1.5389944512980958,-1.1435614575617916,-1.1410226194233328,0.5653939183330746
Darren Collison,IND,G,6,1.581246440236138,-0.5326520918964505,0.4714627932774836,-0.7443418722763148,0.39422642012254494,-0.13334561942078396
Rodney Hood,POR,G,6,0.15738529751039113,-0.6628699361285296,-0.009662555401985065,-0.20897883939533246,-0.9255695445519531,-0.8343647790793517
DeMarre Carroll,BKN,F,5,-0.09024751957537502,-0.43200727018857343,-1.2203393336947812,-0.8594584542267446,0.3589751850944328,0.16151896270148403
Alex Len,ATL,C,2,-1.0160875759436423,1.0188129335521319,-0.514058575249294,0.33873696471382514,0.37786805563232917,-0.9990608808810509
DeAndre Jordan,NYK,C,2,-1.4905832594388109,1.967340461350696,1.7334465840642848,0.41792117673217194,1.5543546017329148,-0.035185139815970295
Fred VanVleet,TOR,G,6,1.1480835285345705,-0.49738351144963033,0.33931583600092285,0.8470439698318355,-0.2672015791200849,0.3443210113370353
Tristan Thompson,CLE,C-F,2,-0.9377965890122523,2.2035723449670983,1.3003188988059635,0.5169390554320564,-0.033417183566409374,-0.6764219702960558
J.J. Barea,DAL,G,6,0.9944330110607524,-0.7365815422473437,2.014664424802849,0.6076868703930977,0.06267101001928105,-0.041022274355079755
Jarrett Allen,BKN,C,2,-1.5717278110098865,2.537301306730186,0.5175651861638642,2.117715338199097,1.3040060196352399,0.8219238809214964
Trey Burke,DAL,G,6,0.4951495783117141,-0.6946969287260659,0.37024390941108853,0.39411826405429834,-0.7187122228301175,-0.125708858252126
Tyler Johnson,PHX,G,6,0.5224794608812051,-0.45596428848805687,0.22190419707373002,-0.11666109581434884,0.17709190232022054,0.0746609872383523
Allonzo Trier,NYK,G,8,0.12021977576842928,-0.6004755835013547,0.49306473636925624,-0.26846452444234065,-0.0005561566689876369,-0.875223003599342
Shai Gilgeous-Alexander,LAC,G,6,0.4921183003459925,-0.07876934514617263,0.8734936192994995,0.6541420613508895,-1.0618621219765436,0.09934536734184442
Dewayne Dedmon,ATL,C,5,-0.4959736426539293,1.147225116523891,-0.7105839637079066,0.18623681638319942,0.4993851529793396,1.1456138031941734
Taj Gibson,MIN,F,1,-0.5514853588949045,0.9820818385082142,-0.5036465980274168,-0.9249850321732186,-1.1978653338529242,0.1003351210699716
Damyean Dotson,NYK,G,3,0.5428405295312195,-0.8783947692849521,-0.8502164365266471,0.5083125416130987,1.2254140422708018,-0.38014535844553965
Elfrid Payton,NOP,G,6,1.1537938125074607,0.07567420028394915,1.6214709291825082,-0.1111238906739062,-0.5635677843161659,-1.8202335247984833
Dario Saric,MIN,F,5,-0.24166591927580408,0.25179792938868,-1.3935729763495321,-0.8804046056729233,-0.03286423749034782,0.6888631473471888
Dwight Powell,DAL,F-C,5,-0.6941707643656501,1.1848012556118037,-0.9660802885690629,0.2779729348232751,0.5566640628489408,1.0315643795593792
Thomas Bryant,WAS,C,1,-1.0803255814455959,1.4433558546176257,-0.8914510559766345,0.7174765476528873,-0.5013060413004605,-0.5186599783607272
Marco Belinelli,SAS,G-F,3,0.35673601893918744,-1.0263917238754945,-0.8491467782609131,1.7224034119840765,-0.20071665698333424,-0.12298271484444549
Justin Holiday,MEM,F-G,3,0.576231982936506,-0.4668243534680717,-1.0158069911354362,-0.08469165138948617,1.1558011124187089,0.14228802864610152
Kenneth Faried,HOU,F-C,2,-0.9614302769572463,0.627615428065165,-0.044912827145806564,0.3498946720163871,1.1630722550391137,-0.8319483823164542
Monte Morris,DEN,G,6,0.8455625406993947,-0.6025070024909611,0.07395881655852267,0.6584005867502473,-0.9689917664268927,0.8854575180955321
Wendell Carter Jr.,CHI,C,2,-0.9695503708986377,1.6708678424134098,0.5833004125664368,0.7662405914014622,-0.11656105538760152,-0.4577331521889366
Wayne Ellington,DET,G,3,0.14230182091511268,-0.9344169817882895,-1.3521535584191797,2.792139024149948,0.14537922550131557,-0.9610688229143663
Danny Green,TOR,G-F,3,0.734644406173892,-0.20506106351521375,-2.021076931536695,0.3805540930984457,0.5006207828930829,0.03844714172864471
Tyreke Evans,IND,G,8,0.44481229872115546,-0.7288158395370309,0.8274840519807651,-0.6369626954077783,0.15998329373076028,0.688573805886102
Cody Zeller,CHA,C,2,-0.9852871379159552,1.8131520506024215,0.20384221828255214,0.5828199191930599,0.41232936501434037,1.4572161272518227
Marvin Williams,CHA,F,5,-0.1847426256261616,0.2215935293327647,-1.9984221146985122,-1.124094160988194,-0.7737210832529902,-0.1503345901673572
Kelly Olynyk,MIA,F,5,-0.16325394423366724,0.28073931942358654,-0.9969313199669563,-0.6881418108883994,-0.02730621717994154,0.665705837244501
Kadeem Allen,NYK,G,8,0.5962794692471233,-0.6399741126568235,0.5470862801399169,-0.8976554645500032,0.3538723908269772,-1.0857630642956182
Avery Bradley,MEM,G,6,0.7103564429505801,-0.6618531493425597,0.058898140704390485,1.0911264853386313,0.29406079008192293,1.1670982919820743
Derrick White,SAS,G,6,0.9210270938713101,0.19072013496765047,0.4467542949874668,1.069009537403291,-0.3555929776465746,0.15096259198795173
Lonzo Ball,LAL,G,6,1.0018517958428272,0.03303800911698703,0.39917320792150063,-0.8446183092206162,0.3439596385525006,0.28896140113923946
Patty Mills,SAS,G,6,0.8077295689068725,-0.8501542987042514,-0.21782670352906555,1.0441228441495631,0.4352372117829212,0.16374400511163953
Luke Kennard,DET,G,6,0.28097524375852573,-0.8173651303616963,-0.3438574018524358,1.4962888578260203,-0.9579781416346113,1.0834642876107445
Kevin Huerter,ATL,G,6,0.6547611723734225,-0.470778689865409,-0.13432340300813717,0.5860122485327179,-0.20761549760267406,0.9706977660554293
Nemanja Bjelica,SAC,F,5,-0.13109370081734145,0.4951255031277811,-1.2468591231986887,-0.027747422644573198,-0.268972124996935,1.2438703843752072
Allen Crabbe,BKN,G-F,3,-0.08443007597525173,-1.1286777719139693,-0.8801514028445304,2.157543529626448,1.7422416452765774,-0.2168468113956863
Jonathan Isaac,ORL,F,5,-0.2784970732487367,0.33300056450641335,-1.084249072729625,-0.5706123059161767,0.2529775387537339,0.056349050087615794
Jeremy Lin,TOR,G,8,0.3803686879268114,-0.5692439904547754,1.2585425303542148,-0.4040376176978016,0.2918665554651154,0.6105057823862519
Robin Lopez,CHI,C,2,-1.324172395443654,1.3581305442418465,0.7038163687900697,0.6328628023818416,-1.1746886142975441,-0.16259958393913396
Tony Parker,CHA,G,8,0.3041396065452515,-0.9453630885446536,2.2289882478186867,0.6941161374425895,-1.1330862132362458,-1.0473567060689883
Shabazz Napier,BKN,G,6,0.3673990443291745,-0.8425027375059954,1.1124289841106223,0.6200107982389348,-0.006032795898778109,0.424526407372778
Markieff Morris,OKC,F,7,-0.6464367477628863,0.09094483650589538,-0.2945570389896723,-0.3586162636851162,-0.5564990736129697,-1.2960647794223374
JaMychal Green,LAC,F,7,-0.688871953940332,-0.13842174866742415,-0.575411829339066,-0.9716582131005558,-0.0017135861125742418,-1.4355036678785706
Danuel House Jr.,HOU,F-G,5,-0.18521035006420072,-0.4311533348293054,-2.3340595013913212,-0.32249735395529955,-1.503128205382568,1.1207608386593322
Al-Farouq Aminu,POR,F,5,-0.03234636372223416,0.22134406133077514,-1.542022439262638,-0.6976680936670514,0.05905464672233818,0.09075099643738367
Larry Nance Jr.,CLE,F,2,-0.4200005325963744,1.3496153939385542,0.16525167332255578,-0.6344944231617627,-0.13044664295382816,0.9677944608079421
Nicolas Batum,CHA,F-G,5,0.3648625279601232,-0.11493461888818544,-0.4248647903064897,-0.02078359572231777,-1.1342188492818068,1.9151208011050014
Jalen Brunson,DAL,G,6,0.5404382965286381,-0.4605501119880422,0.5340244474137028,0.25958146910616087,-0.057027093768677956,0.2168753047443899
Gerald Green,HOU,G-F,5,-0.378478295196327,-0.7077074881577445,-2.12203671284788,0.3511159210054483,-0.6824072112331712,-0.334190738652778
Rajon Rondo,LAL,G,6,1.2568511731493681,-0.3388214671969944,2.099716535128036,-1.8207035295539784,0.09540687769268594,1.3460840781522083
Alex Caruso,LAL,G,8,0.5108172288880586,-0.5327472533436975,0.5877086142322289,-0.5849687660737164,0.07698522967425513,1.4346875844675564
Landry Shamet,LAC,G,3,-0.0022270867185998403,-0.8956033851287176,-1.304897830240415,2.5795937163689735,0.5743944935321099,0.5289335540610626
Terry Rozier,BOS,G,6,0.5735313914099254,-0.783530700179982,0.18691728064063715,0.6208715157691729,0.3132331671597004,0.03507755965752649
Ish Smith,DET,G,8,0.48035101832587174,-0.5927280177818638,1.3603216643175713,0.899327074327842,-0.04535757240303844,-0.8075984237820509
Malik Monk,CHA,G,7,0.006543288638983054,-0.9426963995008727,-0.1616463549707147,0.33826533936854686,0.7727263465610061,-1.6419831188714864
Rondae Hollis-Jefferson,BKN,F,8,-0.7008918343117374,0.30590385774336637,0.5214858153956307,-1.082130405524785,-0.0990282665502162,-0.7102839878458949
Ivica Zubac,LAC,C,2,-1.8060933148815455,1.6123536221557035,1.3315557648247616,0.6159583720046047,0.9758332825498993,-1.1534450346717946
Bam Adebayo,MIA,C-F,2,-0.9329657145290143,1.2596916718192757,0.8339639404181206,0.5520491910384376,0.0023684600574756993,-0.4732335866082278
Tomas Satoransky,WAS,G-F,6,0.5773230347948495,-0.04276033642606679,-0.04977459419087166,-0.6803277719957465,-0.9211115434967114,-0.9927170885981198
Marcus Smart,BOS,G,6,1.1207536905201578,-0.29084119926063373,-0.22021116685707753,-1.1508954740278576,0.772309472981556,0.8723571474951707
Mario Hezonja,NYK,F,8,0.06307513123456412,-0.2879376559690016,0.6087858515491487,-1.0189650779374217,-0.2811487927110078,-0.9790470566805811
Alec Burks,SAC,G,8,-0.4415406362560441,-0.6539304240213218,0.7849283184286975,-0.24271048359357833,0.3170772123700981,1.7523472495501753
Delon Wright,MEM,G,8,0.44893548565415664,-0.28173316216193656,0.7062821327269132,-0.45168337268152436,-0.2042336578450097,0.973226295112546
Frank Kaminsky,CHA,F-C,7,-0.8542199470735672,0.32447815894335924,-0.8002915877622452,-1.0400624391469384,-0.09980018686940428,-1.1692999675775357
Norman Powell,TOR,F-G,6,-0.10251263917057654,-0.7682162436496764,-0.6203207740576333,0.8939435509324881,-1.1498910089061924,1.1765730417431746
Kyle Korver,UTA,G-F,3,-0.05729112939049799,-0.8877931667144126,-1.659085821998205,1.8999999712552138,0.8341618878520867,0.021805934982386848
Trey Lyles,DEN,F,7,-0.5717666939251463,-0.03830896994148474,-0.31683436024301787,-0.34700369426259225,-0.917131425344471,-0.7049837562463138
Rodions Kurucs,BKN,F,5,-0.5110492201450539,-0.21356272208438187,-0.7166585577362886,-0.4806960865586105,0.09827532656031762,0.4712583260477621
Langston Galloway,DET,G,3,-0.061419085996400724,-1.0445247345616715,-1.2121313978812598,1.8002357954840713,0.25630784648233423,0.9488895861893135
Noah Vonleh,NYK,F,1,-0.5210577608663498,0.8408426953601098,0.18808669949240228,-1.076916289615202,-0.851041902635221,-0.3981815218626011
DeAndre' Bembry,ATL,F,8,0.26040549833870424,-0.20316913324951566,0.6012341593149225,-0.5082335393476788,0.607753307051903,-0.8112849672331205
Mikal Bridges,PHX,F,5,0.2626633861995831,-0.19252936156336398,-1.2212681811315316,-0.6822089847286298,-0.09159059544598985,1.2015358401164622
Bruno Caboclo,MEM,F,5,-0.5546936489659336,-0.5033308272752326,-1.4554032053185428,-0.977273796124018,-0.9668115982773909,-0.27547313610139407
Darius Miller,NOP,F,3,0.2005736000805441,-0.7681839901776949,-0.963483739872074,0.7247468387955814,-0.06251853067807975,-0.5406849786574377
Jahlil Okafor,NOP,C,2,-1.4382231351544732,1.154200925465703,0.5539574607062404,0.1819582181466177,-1.2403360953299547,-1.2617293960777407
Richaun Holmes,PHX,F-C,2,-1.5879145246422088,1.2877558971138205,0.929083834351234,0.09773390020984866,0.09315499249168746,0.5623007295971463
Markelle Fultz,ORL,G,2,-0.20742065992564532,-0.5523465162758232,1.8391465385518162,1.4576258896786842,0.09764318563892287,1.0157873177672345
Austin Rivers,HOU,G,8,0.058768186302587636,-0.6607842703021035,0.4827300339142011,-0.21195826786589905,-0.43796530551301416,-0.23697012402448034
Frank Jackson,NOP,G,5,-0.27268938150232325,-0.7235398616125184,-0.38898347207735123,0.44266787634261984,-0.023588399329864503,-0.0597691585911785
Isaiah Thomas,DEN,G,8,-0.45879154784573756,-1.5685978371148517,1.573266516538216,1.5050784200716918,-0.4053439651729266,-0.6882142789638473
Kyle Anderson,MEM,F,6,0.34539280082843205,0.24168634226526303,0.7105213768312426,0.23736427725619805,-0.5252987941410033,-1.3381898974284339
Davis Bertans,SAS,F,5,-0.20112617451184925,-0.4352455766851734,-2.1295075118975766,0.05936636962987073,-0.5379914919745099,0.21454282013717177
Jamal Crawford,PHX,G,8,0.2510277184211758,-1.2774588686016992,1.9435980074680432,-0.18376680676030838,-1.071017850919389,1.084815543082839
Seth Curry,POR,G,3,0.1159986187253532,-1.2781048272662543,-0.1422576056138263,2.162540003081021,-0.39911289312289394,0.045332093756240484
Josh Hart,LAL,G,3,0.04710103733939576,-0.2594288874979887,-1.1377054698910862,0.20051421203835842,0.9076842961091578,0.16806429838545625
Garrett Temple,LAC,G-F,6,0.21094307367719156,-0.6061468548069957,-0.2948388639802405,-0.1013628178456578,0.1130195447877502,-0.06343824853846917
James Johnson,MIA,F,5,0.005636246145226052,-0.2093178592281788,-0.08933564304182601,-1.6906683029085494,-0.3583159265607873,0.06110058328326044
Ante Zizic,CLE,C,2,-1.7049311347852534,1.2021526309846036,1.3064360916652185,0.724208345388035,0.2238878321114297,-1.1479897377812036
Mason Plumlee,DEN,F-C,2,-0.8123144912133564,1.172507077977323,0.8857608457378674,-0.7555426173055252,-0.2827173887169098,-0.07590350272969613
Josh Okogie,MIN,G,4,0.18068781463382527,-0.48277838737771783,-0.3087894832059034,-0.9050448984164,1.8350432769652365,-0.8664750022277029
Maurice Harkless,POR,F,5,-0.39160613378161613,0.16574854060284208,-0.7064337322504136,-0.4764641940317182,0.20434163226784904,0.2127095124565113
Patrick Beverley,LAC,G,6,0.5546350039707062,-0.5122585153319916,0.15803135250436023,-0.25253959830308204,0.5891195867184046,0.36469392952646806
George Hill,MIL,G,6,0.3003843775166081,-0.5607367232495047,0.10426565008701554,1.2154709536313062,-0.9052314132884653,-0.025075510357505867
Rodney McGruder,LAC,F-G,2,-0.33459456074331684,-0.6803956171948774,0.9006063160684603,1.4410140747102909,0.24075848521507523,0.9401221427961133
Jake Layman,POR,F,5,-0.7633140454227111,-0.42602941571712943,-0.9817160473731917,0.9407907930152586,-0.10823106013782464,0.47470604655032644
Shelvin Mack,CHA,G,8,0.2090541066405774,-0.67363317542648,1.6416856952126846,0.34065675178570337,0.653178005517,-0.5875402304823857
Dorian Finney-Smith,DAL,F,5,-0.3610968902665609,-0.11488391747083991,-0.5574401918624629,0.3759419937828012,0.3414767677393872,0.5949911837889175
Dillon Brooks,MEM,G-F,5,-0.3847404395008683,-0.975955518675395,-0.4472184944622276,-0.47513496363469193,-0.42724084150411373,1.4318214058801793
Iman Shumpert,HOU,G,5,-0.0387234141878571,-0.9551664103208443,-0.8308861414669907,-1.685651875555469,0.06628379711516809,0.7448661398018028
Chandler Parsons,MEM,F,5,-0.42547769836616006,-1.1910465404638906,0.35998851883337013,-0.9615914169238939,-1.3720681533996992,2.181717911233546
Miles Bridges,CHA,F,5,-0.39619254520711567,-0.10175390564707382,-0.7502090013481713,-0.39257912429101016,0.009998895781284078,-0.4020339667878674
Vince Carter,ATL,F-G,7,-0.3106488057171516,-0.747809101805939,-0.8935810924034463,-1.2079121098251902,0.20905395835008997,-2.5308727365321078
Draymond Green,GSW,F,4,0.7983156960709193,0.9444915809973177,0.4673267885901106,-2.086771181383328,0.6731323653885645,-0.12297705518324574
Dwayne Bacon,CHA,G-F,5,-0.12080700191958535,-0.7695856153720022,-0.8956505833712955,0.22231637974734497,-0.1281383923414144,0.06291592817592552
Mitchell Robinson,NYK,C,2,-1.5363029041082994,1.656914276595015,0.9083028157867814,0.7471953460963465,-0.03431167426530511,0.23019463164786433
Antonio Blakeney,CHI,G,7,-0.18191155013121063,-0.9786549817150523,-0.03880498013478424,-0.10181864797995512,-0.6531138118288491,-3.499039056638408
P.J. Tucker,HOU,F,4,-0.08699210276868698,-0.09961428173728819,-0.8792950693621567,-1.5348111502419632,2.5402904622178655,0.517163991162996
Doug McDermott,IND,F,3,-0.7002394123052043,-0.8972266709445554,-1.5066649985597582,2.133856431589803,-0.602631668534408,1.0425752977503961
Dirk Nowitzki,DAL,F,7,-0.7393385655934621,-0.48503114572253714,-0.6720650295462638,-0.2944533934308554,-0.6977191123670929,-0.4292969065969562
Willy Hernangomez,CHA,C,2,-1.40906234345967,0.64380812774467,0.6715110797401745,0.3038973881389368,-0.3165941673051716,0.7148425938579557
Lance Stephenson,LAL,G,8,0.0999331735248425,-0.9651428761053268,0.4867844375731735,-0.9554767473222407,0.1206457229757306,-0.05135047878300754
Justin Jackson,DAL,F,3,-0.3838779641658342,-0.6265978555036079,-1.492841318402848,0.7485577814482843,-0.4953150253347386,-0.5837829449467593
Luol Deng,MIN,F,7,-0.8975324757036671,-0.34704191780548616,-0.8788753262752288,-0.3323895250255063,-1.6594221871692318,-1.0520281233478783
Joakim Noah,MEM,C,2,-1.075367439060006,0.6813578440234231,0.7898928748563824,-1.6627026063922912,0.9890785384905797,-1.263455046958091
Harry Giles III,SAC,F-C,2,-1.0892079979989524,0.599966551476655,1.5683167505015725,-0.40162948729702946,-1.113587200182164,0.34589297703066485
Derrick Jones Jr.,MIA,F-G,5,-0.6834902779293232,-0.1166733715942657,-0.3889313376590935,0.34380595990523616,0.31707040038016426,0.8178336456542169
Mike Muscala,LAL,F-C,7,-0.8792821974163426,-0.25837906985597914,-0.5479627969080582,-0.47995330993618307,-1.2335350265471994,-0.693249772533797
Luke Kornet,NYK,F-C,5,-0.7611168981092912,0.1804036062867404,-1.105950133206742,-0.5704736358689264,0.2739464640499179,1.9860505268090929
OG Anunoby,TOR,F,5,-0.49157098914498293,-0.5271981203670597,-0.5762854867370497,-0.43071280513486687,-0.06425278020204603,0.5389549069709169
Terrance Ferguson,OKC,G,5,-0.2779106318502759,-0.6716719845623342,-1.5943279533250558,-0.7160574941805804,0.34541733799479196,-0.11490979773241611
Pat Connaughton,MIL,G,3,0.032201260840612395,-0.3023522680484202,-1.2700163619394624,1.8395608509718677,-0.6261667432434844,0.09804998143357106
Tyus Jones,MIN,G,6,0.9870659653333822,-0.8740363596883558,1.3429300125339114,0.01196567533465248,-0.37743153737986834,-0.4279364811321584
Stanley Johnson,NOP,F,8,-0.44123049887431876,-0.8633490254650673,1.01472622883335,-0.6240080568371236,-1.633901256256583,-1.0630950137082384
Quinn Cook,GSW,G,3,-0.049323412994705634,-1.066258931495823,-0.24439483496805028,1.0676730187752332,-1.3529696096540076,-1.2125420832447749
Dante Exum,UTA,G,8,-0.22790568224727237,-0.9044006135649226,1.862034902603407,0.30290240553909237,-0.3018845947189623,-0.010531116847594706
Wayne Selden,CHI,G-F,8,-0.29342419969494504,-1.0889224481334672,0.16856116261391016,-0.755110904523704,-0.6414311015823845,-0.03267049220501945
Maxi Kleber,DAL,F,5,-0.9286914857992996,0.2548280277694467,-1.0771153063516787,-0.1860301007466314,-0.5499932178838276,1.1664319216291297
Brandon Knight,CLE,G,8,-0.04370382624816024,-1.2789589939109844,0.898654639627712,-0.06975236131365907,-0.5337647382039822,1.2530988582556828
Evan Turner,POR,G-F,8,0.09187365706054525,-0.0715161944796291,1.992611229067286,0.7889315886141018,-0.8900602164439309,-0.3065256072723726
Ersan Ilyasova,MIL,F,4,-0.7709516324688919,-0.005291034897583299,-0.11169929020008985,-0.7053508683519608,5.74501351981068,0.31192504926101405
JR Smith,CLE,G-F,5,0.2843074157307222,-1.34131632945854,0.175819853482424,0.7477808076964705,-0.8700598053347071,2.961957802983157
Ryan Arcidiacono,CHI,G,8,0.2083429455289704,-0.8652823074527215,0.5668859929086559,-0.10505396415068938,-0.08057783755820468,-0.6685011688178358
James Ennis III,PHI,F,5,-0.7453342370761453,-0.3991500329963344,-0.6397837121565635,-0.10206190311508069,-0.17579193695743467,0.7361886733932339
Ian Clark,NOP,G,6,-0.13501888417217314,-1.203315782759567,0.21014347643809406,1.1910862571998517,-0.4037734474735271,0.19362144554724942
Michael Kidd-Gilchrist,CHA,F,5,-0.8709196013826355,-0.06075054782927575,-0.603065824123145,-1.0264860796181705,-0.39061374706408347,1.1411662113127272
Zach Collins,POR,F-C,5,-1.3193341444229731,0.5133824759803979,-0.4423681357712733,-0.9635993413244918,-1.0214226893500629,0.8305068858570733
MarShon Brooks,MEM,G,8,-0.4362556907460216,-0.755470546793576,0.28725798469865566,-1.065158839624691,-0.7131239903273046,-0.18957926583432272
David Nwaba,CLE,G,7,-0.44539271998634594,-0.4364665429086155,-0.356401065451306,-1.5801065587761054,-0.35223577495900255,-1.2535366234050256
Cory Joseph,IND,G,6,0.6764811547615005,-0.46876136580471417,0.8391082190661668,0.40337055004120237,-0.7083302955338853,0.5443562719104489
Johnathan Williams,LAL,F,2,-1.6877379293245325,0.38735085965433863,0.43515158106191837,0.022902898303533325,1.201816845596819,-0.8649912205126113
Jonathon Simmons,PHI,F,8,-0.12103080729735757,-0.9509477826802591,1.335589598046568,-0.6604471693658333,-0.20476988381003153,0.6085429804386318
Shaquille Harrison,CHI,G,8,0.0329260428033977,-0.41168084418362716,0.65693831350809,-0.4782075331980882,0.12012438813989358,0.33426477643202535
Sterling Brown,MIL,G,6,-0.000745861321801865,-0.8134988334941602,-0.5305575647279412,0.8447809334059454,-0.91925678478612,0.27918696628923917
CJ Miles,MEM,F-G,7,-0.47034092482281015,-1.4902118586766178,-0.7487326501995162,0.8792511898471945,1.3842783429121852,-2.426200275410287
Gorgui Dieng,MIN,C,2,-0.9689354935656513,0.45984535397147114,-0.07794008027606912,-0.20206199601128957,-0.6753602348704668,-0.10101670538000818
T.J. McConnell,PHI,G,8,0.3652891264264884,-0.47071916338641057,1.5246770414963975,1.856469271401235,-1.5365821807021538,0.30713750017914737
Devin Harris,DAL,G,8,-0.3802076141314964,-1.2874122445908336,0.17369418989270355,0.0415337821299313,0.9933470408235879,1.4184459645194731
Jonas Jerebko,GSW,F,5,-0.7673790778923847,-0.6557486561032918,-0.7538159823892799,-0.540658430545742,-0.17226851928273562,-0.23249395422442984
Omri Casspi,MEM,F,5,-0.9809699205748645,-0.38820402462095543,-0.9762969031941814,-0.7348889645344627,-0.2689959925297557,0.9153447933550702
Cameron Payne,CLE,G,8,-0.03309329555828253,-0.976946107720538,1.358539399421139,-0.46005860658271,-0.8389835823360418,0.304104452423733
Kevon Looney,GSW,C-F,2,-1.0440111436462673,1.0088557907273756,0.5321954055138511,1.7745511963530736,0.14011006120074618,-0.09725505153303214
Troy Daniels,PHX,G,3,-0.5375750940609324,-1.370555717574019,-0.5497720018860869,1.63390097573523,-0.6018546234913561,-0.7033415412780923
Mo Bamba,ORL,C,2,-1.4976799011757178,0.8903423670927515,-0.1701580614999952,0.17709091091752696,-0.3083935841543232,-0.03487129377757872
Tyler Dorsey,MEM,G,5,-0.21662287277275316,-0.973022915260392,-0.4039763937152153,0.12545389607679,-0.5894662372487265,-0.10926195881421383
Jerryd Bayless,MIN,G,8,0.36347491014935657,-1.3208842293476042,1.3200300242678042,-0.6901113377819504,0.028135337884113012,-0.892270161486596
Sam Dekker,WAS,F,7,-0.6242422329687646,-0.6238068938685445,-0.5923002025086376,-0.5764935515080997,0.5438006112099097,-1.493939768304024
Kenrich Williams,NOP,G-F,4,-0.22819447137522525,-0.38734514939473536,-0.3168120237417638,-1.1932035826991498,2.0535220355820685,0.6121903077570614
Cheick Diallo,NOP,F,2,-1.5148531901628681,0.39697336882511247,-0.41511425384190953,0.16310506478101386,-1.5074682552634562,-0.13150480299058787
Isaiah Canaan,MIL,G,8,-0.24854228159183536,-1.390758454038448,1.6706431460172886,0.22761875439532,0.4480983019313659,0.09132813744668457
Henry Ellenson,NYK,F,7,-0.869410767552552,-0.7239157255003636,-0.6008241442293414,-0.9198523465130124,0.10094275617930422,-0.8350261935975892
Tony Snell,MIL,G,3,-0.34339054596610424,-0.9972676118649599,-1.4854691269292046,1.278822849227449,0.31961705790628064,-0.35262631681613116
Wilson Chandler,LAC,F,5,-0.47141531367881795,-0.7076988877327475,-0.21234020001734288,-0.009940123994683827,-0.30523256304753055,-0.3716176248249495
Jordan McRae,WAS,G,7,-0.45884487216785563,-0.8291588941313797,-0.19389214699804283,-1.4037691220755324,-1.7144136078997971,-2.8228357400475557
Yogi Ferrell,SAC,G,8,-0.004987750052626736,-1.2340766746737812,0.3596322125627798,0.08470196171245345,-0.6567592779136332,0.16506285744278285
Omari Spellman,ATL,F,5,-0.7269275069213967,-0.5258963328514668,-0.3616768670836984,-0.5244129875980276,0.1938453410701478,-0.18873716063012647
Aaron Holiday,IND,G,8,-0.15974935281328395,-1.1485005474114218,0.5287569021095734,0.49294481593506856,-0.6151654988717599,0.5066208135107982
Matthew Dellavedova,CLE,G,8,-0.10744680669780594,-0.9171992899474318,1.7571111609710461,0.6284085900117196,-1.0751595176460054,-0.8386060940432789
Nik Stauskas,CLE,G,7,-0.2379518372631978,-1.4652682162515518,0.09636459973325213,0.5651251103637902,0.2865388128300552,-0.9858458782088183
Meyers Leonard,POR,F-C,5,-1.0151087799403928,-0.10184106321047005,-0.6804256823518037,0.2597238054767393,-1.228479059358887,1.8404137440219772
D.J. Wilson,MIL,F,5,-0.666470245883447,-0.2730223373385832,-0.60465031756884,-0.6949340135993368,0.021236962788254626,0.1552140457680977
Juancho Hernangomez,DEN,F,7,-0.6428346258056927,-0.43759646380561623,-0.9085584944272959,0.08446181649857075,0.858612641925166,-1.0817401308276555
Ed Davis,BKN,C,2,-1.959608042921302,1.2568386267331655,1.287627103054802,1.1931869608103576,1.5581207276382474,-0.3974752158254622
Furkan Korkmaz,PHI,G-F,7,-0.3076802097022179,-0.8950732757627732,-0.8103805161779334,0.48810532525465583,0.29900688559080996,-1.2144566607497929
Mike Scott,PHI,F,5,-0.8592210437269844,-0.8662707980497897,-0.5413853152297029,-0.15399221261329005,-0.4167518039230161,0.9713836406891458
Ivan Rabb,MEM,F,2,-1.0768387751477904,0.3984701848691647,0.30480480055232206,-0.6607684123331893,-1.6751078060178841,0.006384685468590144
Elie Okobo,PHX,G,8,-0.05188990562744125,-0.798294008116018,1.3577645119978838,-0.23001268525970145,-0.4090057529888327,1.1218659948395253
Torrey Craig,DEN,F,5,-0.4648160447592637,-0.5110855846470111,-0.5380008671919538,-0.1485539794215077,-0.12638290860881676,0.05014772985737671
Frank Ntilikina,NYK,G,8,-0.18130758819372605,-0.9462512992365513,1.6008840149732912,-0.3979996651663674,0.3201398655240943,-0.7511050936246765
Andre Iguodala,GSW,F-G,5,-0.027987217040354433,-0.2347160108480116,-0.7544892443144539,-1.2399639019660298,0.8300171148189331,0.13640099138628645
Daniel Theis,BOS,F,5,-1.350184367695853,0.5005619264258656,-0.5826811376204362,0.8329104450907773,0.09983331605450037,0.3011108527674124
John Henson,CLE,F,2,-1.222549482167982,-0.0091145359743009,0.6412817445327716,0.7015010686028823,0.8309100464949234,-0.9655518098503117
Aron Baynes,BOS,C-F,2,-1.505382030833234,0.5530761355071966,0.5003562628531182,0.04467783179474345,1.909972121137485,-0.8683371095906793
Chasson Randle,WAS,G,5,-0.38928123598010106,-1.0280308989787104,0.18142031459634253,-0.4895729359631149,0.09019128958150405,1.135897875874304
Jakob Poeltl,SAS,C,2,-1.6074978645363331,1.1065882673817498,-0.0038314032924974743,1.1274157787150285,-0.7249548240168652,-0.43959613184209284
Damian Jones,GSW,C,2,-1.6597468914982143,0.9204989710893076,0.4632221364656862,2.704874082333079,-3.2972737004481605,2.000091180364294
Alex Abrines,OKC,G,5,-0.6031581936381787,-1.1240251197642241,-1.3378720432420572,-0.34380017028973636,1.1203804155470032,2.708893188246636
Raul Neto,UTA,G,8,-0.07553546253956386,-0.8293890474450926,1.1339793449257607,0.8062952958126147,-0.575654579345321,-1.2370608605963598
Troy Williams,SAC,F,7,-0.8444738220743655,-1.0029553015518549,-0.8442378573529606,-0.8093762684661995,-0.5114424124427511,-1.2208528733216746
Treveon Graham,BKN,F,4,-0.7153936056247872,-0.9494806275246203,0.024837150974547664,-0.6270397046217143,1.4244467476579128,-0.3125502692040157
Tim Frazier,MIL,G,8,0.3837423646650547,-0.8665820656307939,1.4692430704580444,-0.8802871360618728,-0.3399210131847256,-0.42844410630931873
Chandler Hutchison,CHI,F,5,-0.7815771610796584,-0.6189287119352725,-0.3453126008331371,-0.14345793178647584,-0.08202425773601225,1.0188554546149018
Royce O'Neale,UTA,F,5,-0.38284168408731006,-0.7874600688441455,-0.5605943126104314,0.3938290373454278,-0.0692570349203277,-0.27140593784869244
Alex Poythress,ATL,F,5,-1.367944114159198,-0.48545478550249777,-0.1821730377174042,0.16348627747375166,0.3581576261565253,0.9699875081552927
Brandon Sampson,CHI,G,5,-1.017950016752295,-0.9179308442548367,-0.13599613081806405,-0.1938518702217612,-0.855323163204206,2.128775040130869
Jalen Jones,CLE,F,7,-0.7051828982429491,-1.01667980117353,-0.7007984958622728,-2.3300684019883553,0.5745719153605693,-1.3179250821430595
Thon Maker,DET,F,2,-1.3933416610120715,-0.41887771051706535,0.4120359464636128,-0.03591566177781935,0.7196240384637235,-1.8597330681264228
Keita Bates-Diop,MIN,F,5,-0.8661522080623855,-0.5110021103812524,-0.5946845513946788,-0.01669712976266475,-0.31687790847203673,1.3542787235036333
Anthony Tolliver,MIN,F,7,-1.089711018942822,-1.1323749285304259,-1.1637687514309782,-1.3764179584712835,1.0475739483941877,-1.580268252091449
Cameron Reynolds,MIN,G,8,-0.6234893653015736,-1.5473110009905566,-0.026568635500230312,-0.1417101083538554,-0.7246700558100018,0.45994016039844965
De'Anthony Melton,PHX,G,8,0.03127678690500529,-0.5881504675020842,1.334313014956037,-1.6475531905023697,0.07273033654486315,-1.1201747521528262
Dragan Bender,PHX,F,5,-1.190190491108494,0.5475396214405646,-0.47314389204939356,-1.5920727433706565,-0.07244812200774806,0.5596914833536847
Wes Iwundu,ORL,F,7,-0.49568694488392157,-0.957902645326186,0.15837966907288062,0.014929164709465648,0.432374209113823,-0.582226187786035
Marcin Gortat,LAC,C,2,-1.8386735492182003,0.9100790257922141,2.2114570207567112,0.20138538313029739,0.9012273568406656,0.7888556888071533
Nerlens Noel,OKC,F-C,2,-1.8131417747203882,0.7366566229900877,1.0298265336008383,0.11148166657915282,0.5578073244124722,-0.7624658196388223
Corey Brewer,SAC,G-F,5,-0.32716489240185426,-0.8811869014597746,-0.3860151594863975,-1.5463017599049105,0.8527580764146966,1.2393939911474154
Jared Dudley,BKN,F,5,-0.8253012113250195,-0.5983346581988686,-0.29628410846533715,-0.6772541581218608,-0.2998909801770579,0.3923394504544616
Donte DiVincenzo,MIL,G,3,-0.3634984930480078,-0.7052737652293251,-0.2411587523459823,0.9112105753236917,1.9445274714694654,-0.00633646734368875
Khem Birch,ORL,C,2,-2.010706804359889,0.6791680028244188,1.3567747038766078,0.9915808615838191,0.9135075288526675,-1.1510274762687862
Michael Carter-Williams,ORL,G,8,-0.4042456900861448,-0.8867277490016687,1.5813473993058742,-0.0020065482203115536,-0.14127692117325535,1.0824476557557847
Troy Brown Jr.,WAS,F,5,-0.5090745792722879,-0.7746024469837023,0.13515556194049333,0.24359047949553092,-0.19834139091429012,1.5673210330245246
Devonte' Graham,CHA,G,8,0.1104987866513757,-1.2837035815284359,1.1546575591269985,-0.27160692449814267,0.2653841476785121,0.772560776783501
Jonah Bolden,PHI,F,5,-1.3936162279495126,-0.07913081051598578,-0.8526451653886662,-1.3197657768363398,0.4781795722136975,0.24831421397771022
Alfonzo McKinnie,GSW,F,5,-1.1694100313319478,-0.7953646159233342,-0.7640226967933148,-0.7680415541851956,-0.26795658616498885,0.27366096876116897
John Jenkins,NYK,G,7,-0.7082108570549605,-1.3517637483139158,-1.0894681411193872,-0.4408433974018849,0.18277386880249602,-2.6799950395518275
Timothe Luwawu-Cabarrot,CHI,G-F,7,-0.7818343368902865,-1.2466387035322715,-0.6820019573360284,-0.47606796971991605,1.7109936828253358,-2.1350938350606095
Lance Thomas,NYK,F,5,-1.1936057000570892,-0.9229987440746035,-0.3359823226232751,-1.0948603419360785,-1.3160214291531596,2.313338671547634
Jevon Carter,MEM,G,8,-0.01897012037156416,-1.502243611591428,1.5238338694165534,-0.5463066506006689,0.337930565452144,-1.9389394207530533
Bismack Biyombo,CHA,C,2,-2.081837027467125,0.6199266037681691,1.597890438190782,1.3194678112527545,-0.07526699895671775,1.5529489314811404
Shake Milton,PHI,G,7,-0.7756107204567119,-1.1967003410333232,0.07633294998678905,-0.4091584253668581,-0.1634092055874847,-1.6626742306949938
Solomon Hill,NOP,F,5,-0.7525051485048037,-0.8463599107769604,0.22617475510498852,-1.235179693143694,0.5728354034274893,1.0037120704086293
Bruce Brown,DET,G,8,-0.5101868084873058,-0.5356332383283753,0.619118986752684,0.05500466222097466,-0.1897329687500259,-0.05252619082129899
Jaron Blossomgame,CLE,F,7,-1.3253976169989228,-0.4762706884301252,-0.2501415183826466,-1.6005521597578427,1.3580281699034071,-1.3091715204921328
Glenn Robinson III,DET,G-F,5,-1.079711581054358,-1.0833766166011558,-0.5295075824615448,0.43398810809160077,-1.205386566324378,1.0443506184984068
Jerian Grant,ORL,G,8,-0.18060317380981,-0.9949648160314886,0.8369908908211227,-0.04471572824689957,-0.6875912284835646,0.11821333499318987
Ian Mahinmi,WAS,C,2,-1.6961375817979716,0.35172665105123063,0.8442672836366958,0.27578445916614797,1.9384592070464324,-2.3103255594798733
Shaun Livingston,GSW,G,8,-0.8692366336299866,-0.41552967214761305,1.5249278804966655,-0.6615322678457469,-2.0131105708130614,-0.576599695288165
Courtney Lee,DAL,G,8,-0.6431925884538895,-1.4190387617618263,0.7892721487648204,0.19441492069730892,-0.9169386317510599,-1.421240042501312
Cristiano Felicio,CHI,F-C,2,-1.87933025749526,0.4160593583624003,1.4879636578202273,0.7113634381639754,0.024044637453691536,1.5758696897313917
Pau Gasol,MIL,C-F,2,-1.555866404936382,-0.3960117916384266,1.5253827872989947,1.9700155641152475,-0.3367153065691743,1.0610557358372754
Zaza Pachulia,DET,C,2,-1.6882453323949402,0.1258421916520929,2.2466543756272084,-1.0341109621564348,0.3409093660325532,1.5500267117628668
Thabo Sefolosha,UTA,F,5,-1.1297550129218212,-1.11153320930673,-0.6867318301569653,-0.13654012106570731,-2.011101338936507,0.7293847334813347
Rawle Alkins,CHI,G,8,-1.0128401347882796,-1.0736365378872454,1.1385034324211702,-0.3325226801568595,-0.017461612950447992,-0.4849784706724623
Patrick Patterson,OKC,F,7,-1.0945394386077307,-0.8087502937188842,-0.41016823669727004,-1.2438061254819024,-0.1257437222642185,-1.274396816048137
Nene,HOU,C-F,2,-1.496489738999727,0.04621261869276289,0.4545731946798081,0.4185960460014519,0.3680492636682614,-0.011178899014834673
Andrew Bogut,GSW,C,2,-1.8944141055143047,0.14113881129651623,3.1566723714830762,1.1091001202616053,3.0196812156498423,-0.18172455173755467
Isaiah Briscoe,ORL,G,8,-0.32662233774301225,-1.128193688710079,1.271050648902201,-0.7954865818225607,0.6340252157025766,1.8773790373325678
Wesley Johnson,WAS,F-G,5,-1.0328023876255368,-1.1364485428211797,-0.462620280339452,-1.2050623738910053,-0.49514380042617395,0.9236491702805278
Jaylen Adams,ATL,G,8,-0.4574221651131802,-1.4700032715484306,1.2998559806370782,-0.3329157854293181,1.2264379837086818,-0.7484292057327947
Tyson Chandler,LAL,C,2,-2.1551684016377965,0.7637920849921201,1.5944231572071683,0.006205422419024784,1.9122853043849843,-0.604539174311647
Dante Cunningham,SAS,F,7,-0.7100147719521818,-0.9004680185432163,-0.4787557589343925,-0.7609974347067912,-0.1574495758537577,-1.56089772709397
Gary Clark,HOU,F,7,-1.5207062410546752,-0.8289916852833726,-1.3408934884876285,-1.1861160069258192,-0.1589922463852532,-3.316276279038309
Dairis Bertans,NOP,G,4,-0.42983174959793374,-2.1316428643875818,0.36295618599920165,-0.894937631070415,3.1695992377120152,-0.2974536855292613
Patrick McCaw,TOR,G,8,-0.9579435756214675,-1.248793771930859,0.4671802017605876,-0.6907526262577384,-0.9057138626248845,-0.39081470995247647
Ryan Anderson,MIA,F,4,-1.4057899799874845,-1.269862533496021,1.549856838040329,-1.077315070824366,1.6316733790567461,-0.3269319808415738
Jose Calderon,DET,G,8,-0.7424335663661615,-1.4980345434230968,2.0549746425785202,1.0982584308584773,-2.4143908160988787,-1.1284743138617912
Julian Washburn,MEM,F-G,8,-1.1890702348109674,-1.4109404833403043,0.9016750764874052,-0.2573034337703679,-1.5067286165930152,-1.5221040118093512
Quincy Acy,PHX,F,4,-1.6922857668635791,-0.3796560979004556,1.65653289633109,0.23774982925047208,4.122024304693563,3.5210715284113703
