PLAYER,TEAM,POSITION,<6_FREQ,<6_DFGM,<6_DIFF%,6-9_FREQ,6-9_DFGM,6-9_DIFF%,10-15_FREQ,10-15_DFGM,10-15_DIFF%,16-3PT_FREQ,16-3PT_DFGM,16-3PT_DIFF%,3PT_FREQ,3PT_DFGM,3PT_DIFF%
James Harden,HOU,G,30.9,2.5,3.9,14.6,0.5,-24.9,8.1,0.5,3.7,9.8,0.3999999999999999,-3.6999999999999957,36.8,1.6,-0.9
Paul George,OKC,F,33.7,2.6,1.0,7.3,0.2999999999999998,-18.499999999999993,6.5,0.3,-5.4,8.1,0.4999999999999998,12.099999999999994,44.0,1.8,-1.7
Giannis Antetokounmpo,MIL,F,34.1,2.0,-9.9,9.0,0.2999999999999998,-22.900000000000006,5.4,0.3,3.4,9.0,0.3999999999999999,3.5,42.1,1.5,-1.8
Joel Embiid,PHI,F-C,49.5,4.8,-9.4,10.2,0.6000000000000005,-20.599999999999994,7.5,0.7,-1.4,12.4,0.8999999999999999,1.7000000000000028,20.5,1.4,2.9
LeBron James,LAL,F,32.5,2.0,-0.2,9.9,0.3999999999999999,-12.300000000000004,5.9,0.3,5.2,9.9,0.19999999999999996,-17.400000000000006,41.8,1.5,-0.6
Stephen Curry,GSW,G,21.099999999999998,1.4,10.5,14.1,0.5,-11.099999999999994,9.8,0.4,3.1,12.0,0.40000000000000013,-1.7000000000000028,44.1,1.4,-1.6
Kawhi Leonard,TOR,F,28.599999999999998,1.8,1.6,10.1,0.40000000000000013,-10.899999999999999,7.1,0.2,-15.6,11.1,0.40000000000000013,-0.10000000000000142,43.3,1.7,3.2
Devin Booker,PHX,G,30.8,2.1,3.7,8.7,0.3999999999999999,-7.500000000000007,6.8,0.3,1.4,11.7,0.5,3.799999999999997,42.1,1.6,0.6
Kevin Durant,GSW,F,29.299999999999997,1.9,-5.1,8.9,0.20000000000000018,-32.50000000000001,7.1,0.3,-6.7,11.6,0.5000000000000002,1.1000000000000085,43.3,1.7,0.3
Anthony Davis,NOP,F-C,44.4,4.2,0.0,11.3,0.5,-23.699999999999996,7.3,0.5,-5.2,11.3,0.5,-8.500000000000007,25.7,1.3,-3.0
Damian Lillard,POR,G,19.7,1.4,6.8,10.9,0.40000000000000013,-14.100000000000001,11.9,0.4,-7.2,14.9,0.5000000000000002,-4.79999999999999,41.9,1.7,3.3
Kemba Walker,CHA,G,24.6,2.2,6.3,9.4,0.3999999999999999,-17.6,7.8,0.4,-2.0,12.5,0.6000000000000001,-0.30000000000000426,45.300000000000004,2.1,1.3
Bradley Beal,WAS,G,27.800000000000004,2.3,2.9,8.8,0.40000000000000036,-15.400000000000006,6.4,0.3,-3.7,10.4,0.5999999999999996,8.600000000000001,46.0,2.2,2.4
Blake Griffin,DET,F,31.6,2.4,5.2,8.8,0.5,-2.999999999999993,7.1,0.3,-8.7,11.5,0.5,1.8000000000000043,40.9,1.6,0.1
Karl-Anthony Towns,MIN,C,46.400000000000006,3.9,-6.9,15.1,0.8999999999999999,-13.099999999999994,8.6,0.5,-11.4,8.6,0.5999999999999999,8.700000000000003,21.7,1.3,5.4
Kyrie Irving,BOS,G,27.400000000000002,1.7,2.3,10.5,0.40000000000000013,-11.299999999999997,7.4,0.3,0.4,12.6,0.40000000000000013,-4.999999999999993,41.8,1.7,6.1
Donovan Mitchell,UTA,G,22.1,1.3,6.4,9.3,0.30000000000000004,-11.800000000000004,11.6,0.5,9.1,14.0,0.5,3.8999999999999915,43.2,1.3,0.9
Zach LaVine,CHI,G,19.3,1.4,9.2,9.2,0.30000000000000004,-17.499999999999993,7.1,0.3,3.1,9.2,0.2999999999999998,-4.399999999999999,54.6,2.1,3.5
Russell Westbrook,OKC,G,26.900000000000002,1.6,1.9,9.7,0.2999999999999998,-18.9,7.5,0.3,0.9,11.8,0.3999999999999999,-1.1000000000000014,44.0,1.6,4.5
Klay Thompson,GSW,G,30.599999999999998,1.8,-0.6,12.4,0.40000000000000013,-17.1,9.3,0.2,-20.5,10.3,0.3999999999999999,2.1999999999999957,37.4,1.3,0.6
Julius Randle,NOP,C-F,38.4,3.0,-0.5,11.9,0.6000000000000001,-12.700000000000003,6.3,0.2,-22.9,7.9,0.5000000000000002,13.599999999999994,35.6,1.7,2.7
LaMarcus Aldridge,SAS,C-F,37.9,2.8,-10.1,17.4,0.7000000000000002,-22.700000000000006,9.4,0.7,3.8,13.8,0.7999999999999998,3.70000000000001,21.2,1.1,1.9
DeMar DeRozan,SAS,G,23.5,1.5,5.2,8.5,0.30000000000000004,-12.700000000000003,10.6,0.4,-1.0,16.0,0.7000000000000002,8.900000000000006,42.0,1.4,0.5
Luka Doncic,DAL,F-G,34.2,2.6,4.7,7.1,0.3999999999999999,-1.7999999999999972,8.0,0.3,-9.4,10.6,0.5,4.199999999999996,40.1,1.6,-0.6
Jrue Holiday,NOP,G,23.3,2.5,12.3,9.2,0.3999999999999999,-19.199999999999992,7.0,0.3,-12.8,12.7,0.7000000000000002,0.6999999999999957,47.8,2.4,-0.4
D'Angelo Russell,BKN,G,19.8,1.4,7.2,8.0,0.30000000000000004,-12.799999999999997,11.0,0.6,13.5,17.0,0.5,-8.300000000000004,43.8,1.6,0.1
Mike Conley,MEM,G,19.2,1.2,0.4,11.3,0.5,-8.800000000000011,8.5,0.4,3.0,11.3,0.6000000000000001,12.299999999999997,49.9,1.9,1.2
CJ McCollum,POR,G,19.900000000000002,1.5,6.7,12.7,0.6000000000000001,-6.0,11.8,0.7,13.1,20.0,0.7,-7.600000000000005,35.6,1.3,-2.0
Nikola Vucevic,ORL,C,49.5,4.1,-7.4,15.3,1.0,-8.899999999999991,8.7,0.6,-6.4,12.0,0.7000000000000001,0.6999999999999957,14.799999999999999,0.9,3.7
John Wall,WAS,G,29.099999999999998,1.9,1.4,8.5,0.5,6.200000000000017,8.5,0.3,-8.8,14.2,0.5999999999999999,1.7000000000000028,39.1,1.7,4.4
Buddy Hield,SAC,G,31.1,2.3,2.3,8.7,0.40000000000000036,-11.500000000000007,7.0,0.3,-3.5,10.4,0.5999999999999999,11.899999999999999,42.3,1.7,-1.5
Nikola Jokic,DEN,C,47.599999999999994,4.2,-3.8,11.5,0.8999999999999995,-0.4999999999999929,8.1,0.3,-27.2,10.1,0.6000000000000001,1.3999999999999986,22.3,1.2,0.2
Tobias Harris,PHI,F,33.900000000000006,2.8,1.6,11.7,0.6000000000000001,-12.099999999999994,7.8,0.3,-14.7,11.7,0.5999999999999999,2.0999999999999943,34.9,1.7,2.7
Lou Williams,LAC,G,22.8,1.1,14.3,6.3,0.19999999999999996,0.5,7.9,0.1,-19.2,12.7,0.40000000000000013,13.200000000000003,48.3,1.2,2.7
Danilo Gallinari,LAC,F,40.2,3.1,3.3,10.3,0.5,-10.300000000000011,6.8,0.4,4.0,12.8,0.5,-4.199999999999989,30.0,1.3,1.1
John Collins,ATL,F-C,39.7,2.8,-7.1,10.2,0.6000000000000001,-6.199999999999996,4.7,0.2,-13.4,6.2,0.30000000000000004,1.1999999999999957,39.0,1.7,-0.4
Trae Young,ATL,G,22.3,1.7,17.2,8.2,0.30000000000000004,-11.900000000000006,7.2,0.4,17.4,15.5,0.6999999999999997,8.100000000000001,46.300000000000004,1.6,-0.6
Victor Oladipo,IND,G,23.599999999999998,1.8,6.0,7.1,0.40000000000000013,-0.8000000000000043,8.0,0.3,-6.9,8.0,0.5,18.20000000000001,53.6,2.3,2.6
Lauri Markkanen,CHI,F,41.9,3.2,3.5,10.9,0.5999999999999996,-4.700000000000003,5.9,0.3,-3.3,10.1,0.5,4.099999999999994,31.3,1.2,-2.9
Jimmy Butler,PHI,G-F,31.6,2.6,4.2,10.7,0.3999999999999999,-20.59999999999999,7.4,0.4,1.1,10.7,0.6999999999999997,14.899999999999999,39.2,1.6,-3.3
Kyle Kuzma,LAL,F,32.4,2.2,-1.7,13.2,0.6999999999999997,-4.400000000000006,8.8,0.4,-4.9,10.5,0.6000000000000001,12.0,34.699999999999996,1.4,0.5
Khris Middleton,MIL,F,18.099999999999998,1.1,7.7,11.0,0.3999999999999999,-9.899999999999999,9.9,0.3,-8.0,14.3,0.5,0.5000000000000071,47.099999999999994,1.6,1.9
Brandon Ingram,LAL,F,25.3,1.8,-0.2,7.8,0.4999999999999998,5.000000000000014,10.3,0.3,-17.0,12.9,0.6000000000000001,2.1999999999999957,44.1,1.6,-4.7
Jamal Murray,DEN,G,22.2,1.3,3.3,12.1,0.5,-4.5,9.9,0.2,-20.0,12.1,0.40000000000000013,-2.1999999999999957,44.0,1.7,6.1
Andrew Wiggins,MIN,F-G,32.9,2.8,3.1,9.3,0.5,-9.70000000000001,5.4,0.2,-14.3,10.9,0.5,-3.200000000000003,40.6,2.0,2.5
Tim Hardaway Jr.,DAL,G,27.400000000000002,2.1,8.0,9.3,0.5,-2.200000000000003,5.6,0.3,9.1,11.1,0.3999999999999999,-4.899999999999999,46.2,1.9,2.3
JJ Redick,PHI,G,24.2,1.3,10.4,11.5,0.3999999999999999,-5.699999999999996,7.7,0.3,8.3,16.7,0.3999999999999999,-6.9999999999999964,40.300000000000004,1.1,0.5
Derrick Rose,MIN,G,22.2,1.6,8.9,10.8,0.5,-5.200000000000003,10.8,0.4,-4.6,10.8,0.3999999999999999,-1.8999999999999986,44.800000000000004,1.6,-0.3
T.J. Warren,PHX,F,36.9,2.3,6.5,8.8,0.40000000000000036,-2.299999999999997,7.7,0.2,-16.1,12.1,0.5,6.700000000000003,34.599999999999994,1.4,9.2
Bojan Bogdanovic,IND,F,24.2,1.3,-2.6,10.2,0.30000000000000004,-17.5,8.0,0.3,1.2,12.5,0.5,7.799999999999997,45.7,1.4,0.3
Andre Drummond,DET,C,48.0,4.0,-6.6,12.1,0.7999999999999998,-8.699999999999996,8.1,0.4,-17.9,10.7,0.7,6.199999999999989,21.6,1.0,-4.1
De'Aaron Fox,SAC,G,28.4,1.9,5.2,8.0,0.3999999999999999,0.0,6.0,0.2,-8.0,9.0,0.2999999999999998,-4.700000000000003,48.0,1.6,-2.7
Kevin Love,CLE,F-C,43.7,2.6,-3.9,10.6,0.5,-7.000000000000007,4.8,0.0,-45.9,10.6,0.5,7.499999999999993,29.299999999999997,1.1,-1.1
Pascal Siakam,TOR,F,29.4,2.1,-3.3,9.2,0.19999999999999973,-33.900000000000006,5.0,0.3,5.4,12.5,0.5000000000000002,-3.5999999999999943,44.2,1.7,-3.9
Ben Simmons,PHI,G-F,29.299999999999997,2.1,3.0,10.0,0.5,-6.499999999999993,6.4,0.2,-15.0,10.9,0.6000000000000001,12.199999999999996,43.4,1.4,-6.6
Jordan Clarkson,CLE,G,27.800000000000004,1.7,8.0,9.2,0.19999999999999996,-25.299999999999997,8.0,0.3,2.9,12.6,0.5,8.200000000000003,42.699999999999996,1.3,-1.2
Spencer Dinwiddie,BKN,G,15.7,0.9,1.9,12.4,0.4,-12.70000000000001,10.1,0.4,2.6,21.3,0.8,3.8999999999999986,40.2,1.3,1.9
Collin Sexton,CLE,G,25.6,2.3,18.1,9.9,0.40000000000000036,-13.699999999999996,6.3,0.4,16.0,12.6,0.6999999999999997,11.900000000000006,45.9,2.1,4.9
Clint Capela,HOU,C,43.4,4.5,-4.2,13.0,1.0,-8.699999999999996,7.3,0.6,-1.4,11.9,0.8000000000000003,-0.30000000000000426,24.2,1.4,-1.7
Montrezl Harrell,LAC,F-C,40.2,2.9,-6.7,15.9,0.8999999999999999,-9.100000000000001,9.1,0.4,-15.8,10.6,0.6000000000000001,5.700000000000003,24.2,1.0,-2.2
Josh Richardson,MIA,G-F,21.099999999999998,1.6,3.1,8.4,0.3999999999999999,-10.200000000000003,10.9,0.6,5.5,14.3,0.8000000000000003,8.799999999999997,45.1,1.9,-0.5
Harrison Barnes,SAC,F,30.3,2.2,3.9,9.3,0.5,-3.299999999999997,8.3,0.4,-1.5,12.0,0.3999999999999999,-7.399999999999995,39.5,1.6,1.0
Deandre Ayton,PHX,C,43.5,4.3,-0.4,14.6,0.9000000000000004,-13.899999999999999,7.6,0.4,-17.6,12.1,0.8,3.5,22.1,1.2,-0.2
DeMarcus Cousins,GSW,C,36.9,3.1,-7.3,11.3,0.6999999999999997,-11.70000000000001,9.9,0.4,-23.5,13.9,0.7000000000000002,-5.79999999999999,27.800000000000004,1.9,10.2
Eric Gordon,HOU,G,25.7,1.4,8.9,14.3,0.5,-4.900000000000006,10.4,0.2,-17.6,10.4,0.30000000000000004,-0.19999999999999574,38.5,1.0,-1.0
Aaron Gordon,ORL,F,30.0,2.1,0.1,12.5,0.6000000000000001,-7.899999999999999,8.9,0.4,-4.9,12.5,0.5,-2.1000000000000085,35.199999999999996,1.4,0.5
Eric Bledsoe,MIL,G,13.700000000000001,0.9,7.9,12.2,0.6,1.5999999999999943,15.3,0.5,-9.1,14.3,0.6000000000000001,4.699999999999996,43.5,1.5,0.4
Rudy Gobert,UTA,C,48.8,4.5,-11.0,14.6,1.0,-14.300000000000004,9.6,0.6,-17.4,12.4,0.9999999999999999,7.300000000000004,14.7,0.9,1.5
Jayson Tatum,BOS,F,28.7,1.8,0.4,7.1,0.30000000000000004,-8.399999999999999,5.1,0.0,-42.1,10.1,0.2999999999999998,-7.000000000000007,48.199999999999996,1.6,-2.9
Malcolm Brogdon,MIL,G,19.1,1.3,0.5,9.3,0.3999999999999999,-9.399999999999999,16.7,0.9,9.5,17.6,0.8000000000000003,3.1999999999999957,36.7,1.4,0.7
Jusuf Nurkic,POR,C,50.3,3.7,-9.6,13.7,0.7000000000000002,-16.400000000000006,7.9,0.3,-25.4,12.9,0.7,-1.3999999999999986,15.299999999999999,0.7,-3.3
Chris Paul,HOU,G,35.099999999999994,2.6,12.4,10.1,0.3999999999999999,-11.600000000000009,8.1,0.3,-4.5,7.1,0.30000000000000004,5.0,39.7,1.3,-0.6
Jonas Valanciunas,MEM,C,47.4,2.6,-12.1,21.1,1.0,-9.400000000000006,7.3,0.3,-14.5,10.1,0.5,7.600000000000001,14.7,0.5,-6.7
Dennis Schroder,OKC,G,27.200000000000003,1.8,7.8,10.5,0.4999999999999998,-0.19999999999999574,10.5,0.3,-11.2,13.7,0.6000000000000001,7.399999999999999,38.3,1.2,-2.9
Reggie Jackson,DET,G,29.099999999999998,1.9,9.7,9.9,0.3999999999999999,-6.700000000000003,6.6,0.3,8.6,11.0,0.5,11.799999999999997,43.1,1.4,0.5
Jeremy Lamb,CHA,G,28.499999999999996,2.1,9.5,5.8,0.2999999999999998,-1.0,5.8,0.3,9.8,11.7,0.5000000000000002,4.0,47.4,1.7,-1.2
Kelly Oubre Jr.,PHX,F,39.1,2.5,2.9,7.1,0.20000000000000018,-23.100000000000005,5.1,0.2,-3.6,9.2,0.3999999999999999,6.599999999999994,40.0,1.3,-2.1
Nikola Mirotic,MIL,F,33.800000000000004,2.2,-3.8,13.2,0.6999999999999997,-5.5,7.9,0.3,-12.0,11.4,0.5,1.3999999999999915,33.4,1.4,0.7
Evan Fournier,ORL,G-F,24.099999999999998,1.7,5.5,12.3,0.5999999999999999,-3.5,12.3,0.5,-3.4,15.1,0.7000000000000002,5.199999999999996,37.1,1.4,-0.8
Terrence Ross,ORL,G-F,21.5,1.4,11.0,9.2,0.30000000000000004,-13.300000000000004,6.9,0.3,11.4,11.5,0.5,12.400000000000006,51.1,1.5,-1.0
Dwyane Wade,MIA,G,24.4,1.2,0.3,7.9,0.30000000000000004,-0.3999999999999986,6.6,0.2,-0.3,9.2,0.20000000000000018,-9.100000000000005,50.7,1.4,0.1
Serge Ibaka,TOR,C-F,45.6,3.2,-9.1,15.0,0.7999999999999998,-12.300000000000004,9.8,0.5,-10.7,10.5,0.5,-2.1000000000000085,19.5,1.0,1.1
Marvin Bagley III,SAC,F,39.7,2.5,-2.9,7.6,0.2999999999999998,-14.999999999999993,4.8,0.2,-5.8,8.6,0.3999999999999999,7.399999999999999,39.0,1.5,3.0
Emmanuel Mudiay,NYK,G,23.400000000000002,1.5,9.4,9.9,0.30000000000000004,-17.799999999999997,9.9,0.3,-9.1,11.0,0.5,11.499999999999993,45.9,1.4,-2.3
Jabari Parker,WAS,F,34.300000000000004,2.2,0.3,11.7,0.5999999999999996,-1.8999999999999986,5.8,0.2,-13.0,8.7,0.40000000000000013,8.099999999999994,40.2,1.4,-0.1
Kyle Lowry,TOR,G,28.599999999999998,2.1,3.6,10.8,0.5,-9.899999999999999,10.8,0.6,7.8,11.7,0.40000000000000013,-6.599999999999991,37.4,1.4,-2.3
Bobby Portis,WAS,F,43.7,3.0,6.7,13.1,0.6000000000000001,-5.599999999999994,7.1,0.1,-32.8,12.1,0.5999999999999999,12.0,24.0,0.8,-0.3
Bogdan Bogdanovic,SAC,G,30.4,2.1,11.3,11.5,0.3999999999999999,-14.70000000000001,7.3,0.3,1.4,8.3,0.30000000000000004,-0.6000000000000085,42.9,1.4,-1.2
Domantas Sabonis,IND,F,49.0,3.0,-1.3,13.9,0.6000000000000001,-9.000000000000007,6.9,0.3,-6.7,7.9,0.30000000000000004,1.3999999999999915,21.2,0.7,0.3
Marcus Morris Sr.,BOS,F,31.8,1.9,1.5,10.6,0.5,-1.6999999999999957,7.4,0.2,-16.4,9.6,0.40000000000000013,7.0,40.300000000000004,1.4,0.0
Otto Porter Jr.,CHI,F,37.3,2.4,1.0,8.9,0.30000000000000027,-18.099999999999994,5.9,0.3,7.8,9.9,0.5,12.5,38.2,1.4,1.2
Steven Adams,OKC,C,44.3,4.2,-4.7,12.2,0.8999999999999995,-7.699999999999996,7.9,0.6,-4.7,12.2,0.8,1.4000000000000057,23.0,1.3,-1.3
Jaren Jackson Jr.,MEM,F-C,45.800000000000004,2.4,-12.1,12.3,0.5,-13.699999999999996,3.8,0.1,-23.8,7.5,0.30000000000000004,0.0,31.0,1.3,3.6
Goran Dragic,MIA,G,24.6,1.3,2.4,9.9,0.19999999999999996,-26.1,11.1,0.3,-7.0,13.6,0.30000000000000004,-11.600000000000005,40.6,1.4,7.5
Rudy Gay,SAS,F,31.0,1.6,-2.1,10.5,0.3999999999999999,-7.000000000000007,7.0,0.3,5.7,9.3,0.19999999999999996,-12.299999999999997,41.199999999999996,1.2,-2.7
Joe Harris,BKN,F-G,29.299999999999997,1.8,-2.5,9.7,0.4999999999999998,-1.4000000000000057,7.8,0.4,7.4,13.6,0.6000000000000001,4.700000000000003,39.2,1.4,-0.2
Caris LeVert,BKN,G,24.9,1.6,7.5,8.2,0.5,12.300000000000004,10.3,0.3,-12.1,18.6,0.8,5.699999999999996,38.4,1.3,-0.7
Enes Kanter,POR,C,48.1,3.3,-1.4,14.4,0.7000000000000002,-9.999999999999993,9.9,0.5,-6.3,9.9,0.5,8.5,17.9,0.8,6.2
Jerami Grant,OKC,F,36.3,2.5,-6.5,9.8,0.5,-10.600000000000009,7.3,0.3,-12.2,10.6,0.5000000000000002,0.7999999999999972,35.4,1.7,2.4
Dennis Smith Jr.,NYK,G,27.6,2.2,3.5,9.4,0.3999999999999999,-16.699999999999996,9.4,0.5,-0.0,11.0,0.6000000000000001,5.000000000000007,42.8,1.9,-1.0
Al Horford,BOS,C-F,44.3,3.6,-5.3,14.0,0.8000000000000003,-12.099999999999994,8.4,0.5,-7.7,11.9,0.8,8.29999999999999,21.0,1.0,-0.8
Marc Gasol,TOR,C,49.6,3.3,-3.2,15.9,0.6000000000000001,-18.79999999999999,8.0,0.4,-7.6,10.6,0.4,-4.899999999999999,15.7,0.6,0.3
Taurean Prince,ATL,F,27.200000000000003,1.5,7.4,9.0,0.30000000000000004,-8.600000000000001,7.7,0.3,8.5,12.8,0.40000000000000013,2.0999999999999943,43.3,1.2,0.5
Carmelo Anthony,HOU,F,39.4,3.0,12.5,14.4,0.5,-18.5,2.9,-0.0,-45.6,4.8,0.30000000000000004,22.500000000000007,38.5,1.5,1.4
Myles Turner,IND,C-F,56.8,4.6,-8.0,12.8,0.6000000000000005,-21.0,6.0,0.3,-18.4,7.4,0.5,7.199999999999996,16.5,0.8,-1.4
Robert Covington,MIN,F,31.5,2.5,-0.4,7.9,0.10000000000000009,-40.8,7.9,0.2,-22.1,11.8,0.6000000000000001,1.2000000000000028,41.199999999999996,2.1,3.2
Cedi Osman,CLE,F,26.400000000000002,2.0,7.3,10.0,0.5,-5.000000000000007,6.4,0.3,0.5,15.5,0.7,3.3999999999999915,42.0,1.8,3.0
Jaylen Brown,BOS,G,22.900000000000002,1.3,-1.7,8.7,0.3999999999999999,-1.3999999999999986,6.5,0.2,-8.6,12.0,0.5,8.099999999999994,50.1,1.5,-4.1
Gary Harris,DEN,G,23.1,1.1,7.7,7.1,0.2999999999999998,6.800000000000004,7.1,0.1,-20.7,12.9,0.19999999999999996,-16.500000000000004,50.6,1.0,-8.8
Kevin Knox II,NYK,F,33.900000000000006,2.1,5.1,7.7,0.2999999999999998,-9.100000000000001,5.5,0.2,-3.0,7.7,0.19999999999999996,-9.599999999999998,45.2,1.6,2.0
Ricky Rubio,UTA,G,22.400000000000002,1.6,7.2,14.9,0.6999999999999997,-1.8999999999999986,10.9,0.5,4.2,14.9,0.7000000000000002,8.5,36.8,1.4,3.5
Thaddeus Young,IND,F,30.7,2.4,2.9,11.7,0.7000000000000002,-3.500000000000007,6.7,0.2,-21.3,9.2,0.4999999999999998,8.800000000000004,41.5,1.8,1.8
Paul Millsap,DEN,F,39.0,3.2,2.8,10.3,0.5999999999999996,-7.100000000000001,7.1,0.3,-13.7,7.9,0.30000000000000004,-7.200000000000003,36.199999999999996,1.4,-3.8
Justise Winslow,MIA,F-G,28.799999999999997,1.9,1.4,10.5,0.5,-5.600000000000001,7.6,0.4,7.1,13.3,0.6000000000000001,4.200000000000003,40.2,1.5,-0.9
Trevor Ariza,WAS,F,35.099999999999994,2.4,14.7,9.3,0.3999999999999999,-2.0,4.7,0.0,-43.4,9.3,0.5,24.700000000000003,41.6,1.4,4.3
Brook Lopez,MIL,C,39.900000000000006,3.3,-11.5,13.6,0.9000000000000004,-11.399999999999999,9.9,0.7,-9.2,11.7,0.8999999999999999,9.499999999999993,24.6,1.5,4.4
Hassan Whiteside,MIA,C,52.800000000000004,2.9,-13.3,13.6,0.5,-19.199999999999996,8.2,0.4,-5.6,10.9,0.5,2.8999999999999915,14.7,0.5,-3.0
Jeff Green,WAS,F,37.2,2.7,-0.2,9.2,0.3999999999999999,-15.399999999999999,5.0,0.3,4.3,8.4,0.3999999999999999,2.8000000000000043,40.5,1.9,4.6
Wesley Matthews,IND,G-F,23.7,1.6,8.7,10.9,0.5,-2.200000000000003,8.7,0.3,-5.2,15.2,0.6000000000000001,4.399999999999999,41.6,1.4,2.1
Jeff Teague,MIN,G,25.7,1.6,10.4,8.0,0.2999999999999998,-7.300000000000004,8.0,0.1,-26.8,11.4,0.5,11.699999999999996,46.5,1.4,-1.6
Joe Ingles,UTA,F,18.4,1.2,14.0,10.8,0.30000000000000004,-17.89999999999999,12.0,0.4,-1.0,18.1,0.5999999999999999,1.7999999999999972,41.5,1.3,3.5
Dion Waiters,MIA,G,22.400000000000002,1.1,-4.7,10.5,0.3999999999999999,-6.300000000000004,5.8,0.3,19.2,11.6,0.40000000000000013,1.4000000000000057,49.5,1.7,5.0
JaVale McGee,LAL,C,51.7,3.4,-10.2,10.5,0.3999999999999999,-21.799999999999994,6.5,0.3,-14.0,11.3,0.5,-3.3000000000000043,20.200000000000003,1.0,3.8
E'Twaun Moore,NOP,G,25.900000000000002,1.5,14.1,11.8,0.3999999999999999,-6.800000000000004,9.2,0.4,16.0,14.5,0.3999999999999999,-2.4000000000000057,37.8,1.0,-1.2
Willie Cauley-Stein,SAC,C,42.6,3.4,2.9,16.4,0.6999999999999997,-18.400000000000006,5.7,0.4,7.2,9.8,0.40000000000000013,-5.5,25.5,1.2,3.1
Jae Crowder,UTA,F,26.6,1.2,-4.4,15.2,0.6000000000000001,-1.7999999999999972,6.3,0.3,16.5,13.9,0.2999999999999998,-10.400000000000002,38.4,1.1,-0.9
Derrick Favors,UTA,F-C,45.7,2.9,-12.9,13.2,0.8000000000000003,-4.900000000000006,7.0,0.2,-27.9,10.1,0.5999999999999999,9.599999999999994,23.9,0.8,-8.7
Bryn Forbes,SAS,G,23.799999999999997,1.6,11.4,10.0,0.5,5.1000000000000085,10.0,0.4,3.7,14.4,0.7,16.200000000000003,40.5,1.3,0.8
D.J. Augustin,ORL,G,14.899999999999999,1.0,26.3,10.0,0.3999999999999999,0.6999999999999957,13.7,0.5,5.5,15.0,0.5999999999999999,11.199999999999996,46.2,1.3,-1.7
Kent Bazemore,ATL,G,32.1,1.6,0.3,9.5,0.3999999999999999,0.20000000000000284,6.0,0.3,17.8,10.7,0.3999999999999999,6.599999999999994,41.5,1.3,2.4
Josh Jackson,PHX,F,37.1,1.9,-6.5,9.7,0.30000000000000027,-18.099999999999994,7.5,0.3,-0.4,8.6,0.30000000000000004,0.4000000000000057,38.1,1.4,2.5
Will Barton,DEN,G,31.3,1.7,6.6,8.6,0.40000000000000013,5.299999999999997,8.6,0.3,2.5,12.3,0.5999999999999999,20.300000000000004,39.1,1.1,0.0
Gordon Hayward,BOS,F,30.099999999999998,1.3,1.0,12.5,0.3999999999999999,-7.099999999999994,5.6,0.1,-18.7,9.7,0.29999999999999993,6.100000000000001,41.3,0.9,-4.1
Kentavious Caldwell-Pope,LAL,G,22.6,1.3,12.3,6.7,0.19999999999999996,-10.900000000000006,8.0,0.2,-7.5,12.0,0.3999999999999999,6.499999999999993,50.5,1.6,5.9
Malik Beasley,DEN,G,25.6,1.2,8.0,10.4,0.40000000000000013,5.999999999999993,7.5,0.3,18.4,13.4,0.2999999999999998,-4.299999999999997,43.5,1.1,3.7
Reggie Bullock,LAL,G-F,28.799999999999997,1.8,8.5,10.0,0.40000000000000013,-6.399999999999999,11.1,0.4,-2.7,12.2,0.5,7.100000000000001,37.5,1.2,0.4
Kris Dunn,CHI,G,26.400000000000002,2.0,1.6,11.2,0.6000000000000001,-4.3999999999999915,6.9,0.3,-5.5,10.3,0.6000000000000001,11.399999999999999,45.1,1.9,0.4
Darren Collison,IND,G,20.599999999999998,1.1,5.3,6.5,0.19999999999999996,-11.300000000000004,10.4,0.3,-4.0,11.7,0.3999999999999999,6.199999999999996,50.1,1.6,5.2
Rodney Hood,POR,G,30.0,1.5,6.3,8.3,0.30000000000000004,-0.7999999999999972,8.3,0.3,8.5,13.9,0.29999999999999993,-7.699999999999996,38.2,0.9,-4.3
DeMarre Carroll,BKN,F,32.9,1.7,-0.6,9.5,0.40000000000000013,-2.3999999999999986,6.0,0.2,-4.4,11.9,0.40000000000000013,2.5999999999999943,38.9,1.2,0.9
Alex Len,ATL,C,46.1,2.8,-4.7,12.3,0.5,-12.800000000000004,7.5,0.4,0.6,13.2,0.4999999999999999,-2.3000000000000043,20.9,0.9,4.7
DeAndre Jordan,NYK,C,40.6,2.4,-6.4,14.4,0.5,-19.799999999999997,11.5,0.5,-11.3,14.4,0.6000000000000001,0.5,19.1,0.7,0.0
Fred VanVleet,TOR,G,22.3,1.5,9.8,12.9,0.6000000000000001,1.499999999999993,12.9,0.5,-0.2,11.8,0.5,7.599999999999994,39.6,1.2,-2.0
Tristan Thompson,CLE,C-F,42.699999999999996,2.6,-6.5,16.2,0.7999999999999998,-8.999999999999993,7.2,0.4,1.0,11.7,0.5999999999999999,7.0,22.3,1.1,11.0
J.J. Barea,DAL,G,16.7,0.7,15.4,10.9,0.30000000000000004,1.1000000000000085,9.1,0.2,1.0,14.5,0.2999999999999998,-0.10000000000000142,48.1,1.1,6.2
Jarrett Allen,BKN,C,48.199999999999996,3.8,-8.0,13.2,0.9000000000000004,-5.600000000000001,9.7,0.6,-9.0,12.5,0.8999999999999999,11.499999999999993,16.400000000000002,0.8,-0.2
Trey Burke,DAL,G,24.3,1.1,0.8,11.3,0.3999999999999999,0.5,7.0,0.2,0.2,11.3,0.2999999999999998,-0.6999999999999957,46.9,1.1,-2.7
Tyler Johnson,PHX,G,24.099999999999998,1.5,7.9,9.9,0.3999999999999999,-5.000000000000007,6.6,0.3,9.1,14.3,0.5,0.29999999999999716,44.800000000000004,1.4,-1.5
Allonzo Trier,NYK,G,28.9,1.4,7.2,9.9,0.30000000000000004,-7.899999999999999,8.5,0.3,8.5,12.7,0.30000000000000004,-3.999999999999993,39.900000000000006,1.0,1.0
Shai Gilgeous-Alexander,LAC,G,32.9,2.1,3.4,10.2,0.2999999999999998,-19.699999999999996,11.2,0.4,-4.5,15.3,0.6,1.000000000000007,30.7,0.9,-7.1
Dewayne Dedmon,ATL,C,40.8,2.8,-5.0,13.1,0.8000000000000003,-2.0,7.4,0.3,-14.4,10.7,0.5999999999999999,7.5,27.700000000000003,1.1,-1.5
Taj Gibson,MIN,F,37.8,2.4,2.1,9.4,0.30000000000000027,-19.299999999999997,6.2,0.2,-14.4,9.4,0.3999999999999999,6.199999999999996,37.3,1.3,1.5
Damyean Dotson,NYK,G,29.4,1.6,10.1,6.7,0.19999999999999996,-11.099999999999994,8.0,0.3,9.2,10.7,0.30000000000000004,-0.7999999999999972,45.300000000000004,1.2,-1.7
Elfrid Payton,NOP,G,25.5,1.7,-1.5,9.7,0.5000000000000002,-3.0999999999999943,13.3,0.7,5.6,8.8,0.30000000000000027,-8.200000000000003,42.199999999999996,1.9,3.0
Dario Saric,MIN,F,36.7,2.2,-2.4,11.8,0.5,-10.20000000000001,7.8,0.2,-20.1,8.8,0.40000000000000013,7.100000000000001,35.6,1.4,3.0
Dwight Powell,DAL,F-C,34.0,2.1,-1.5,11.1,0.3999999999999999,-15.399999999999999,7.1,0.2,-17.3,15.2,0.5999999999999999,2.6000000000000085,32.5,1.1,-1.3
Thomas Bryant,WAS,C,51.7,3.4,-3.0,10.9,0.5,-11.199999999999996,8.2,0.4,-5.7,9.1,0.3999999999999999,2.5,20.0,0.8,2.2
Marco Belinelli,SAS,G-F,18.0,1.0,13.8,8.6,0.30000000000000004,-0.7999999999999972,5.7,0.2,10.2,18.6,0.40000000000000013,-6.800000000000001,48.9,1.2,-1.4
Justin Holiday,MEM,F-G,28.199999999999996,1.9,2.0,6.7,0.30000000000000027,-8.600000000000001,6.7,0.3,1.3,12.4,0.5000000000000002,0.3999999999999986,45.300000000000004,1.7,-0.7
Kenneth Faried,HOU,F-C,36.0,2.1,-3.2,12.6,0.6000000000000001,-1.5,8.4,0.4,4.1,11.6,0.30000000000000004,-9.8,31.7,1.0,-2.7
Monte Morris,DEN,G,22.2,1.1,9.0,11.3,0.3999999999999999,-0.6000000000000085,8.5,0.2,-6.9,11.3,0.3999999999999999,12.799999999999997,46.800000000000004,1.1,-1.9
Wendell Carter Jr.,CHI,C,46.300000000000004,3.3,-6.1,15.0,0.7999999999999998,-11.299999999999997,7.1,0.5,5.4,11.8,0.7,7.70000000000001,19.6,1.0,3.7
Wayne Ellington,DET,G,22.3,1.1,5.3,12.5,0.2999999999999998,-16.099999999999994,9.7,0.4,16.6,12.5,0.2999999999999998,-4.100000000000001,42.8,1.1,-1.2
Danny Green,TOR,G-F,25.8,2.0,4.6,11.1,0.5,-11.899999999999991,10.3,0.5,-0.5,12.0,0.7000000000000002,11.400000000000006,41.099999999999994,1.9,2.6
Tyreke Evans,IND,G,20.3,0.9,9.8,11.1,0.4,6.8999999999999915,6.3,0.1,-16.7,15.9,0.30000000000000004,-6.800000000000004,46.2,1.0,-1.4
Cody Zeller,CHA,C,45.4,3.2,-2.9,13.2,0.5,-20.899999999999995,7.4,0.3,-15.0,10.7,0.7,16.10000000000001,23.3,0.8,-6.1
Marvin Williams,CHA,F,39.1,2.5,-3.2,9.3,0.5,-2.5999999999999943,4.7,0.2,-6.2,9.3,0.3999999999999999,3.1000000000000014,37.8,1.6,4.0
Kelly Olynyk,MIA,F,37.8,2.1,-1.6,9.8,0.2999999999999998,-18.39999999999999,5.4,0.2,-4.7,8.7,0.40000000000000013,13.000000000000007,37.7,1.2,-0.1
Kadeem Allen,NYK,G,25.4,1.0,-2.1,6.1,0.10000000000000009,-25.299999999999997,13.6,0.4,4.4,10.6,0.30000000000000004,5.700000000000003,43.7,1.2,6.2
Avery Bradley,MEM,G,23.599999999999998,1.7,8.9,11.1,0.40000000000000013,-14.0,12.1,0.2,-26.1,13.1,0.6000000000000001,7.599999999999994,38.9,1.5,4.0
Derrick White,SAS,G,22.6,1.8,4.8,12.1,0.7,-3.700000000000003,12.1,0.6,-0.8,12.9,0.7,5.79999999999999,40.300000000000004,1.7,-0.7
Lonzo Ball,LAL,G,26.1,2.0,4.4,10.3,0.5,-8.0,8.6,0.3,-12.6,14.7,0.5000000000000002,-8.600000000000009,40.6,1.7,-0.1
Patty Mills,SAS,G,14.799999999999999,0.9,17.5,7.7,0.29999999999999993,0.5,12.8,0.4,1.2,16.7,0.5,0.8000000000000043,47.699999999999996,1.5,4.4
Luke Kennard,DET,G,25.1,1.1,13.8,11.7,0.2999999999999998,-6.400000000000006,10.0,0.2,-7.9,13.3,0.3999999999999999,12.599999999999994,40.400000000000006,0.8,-4.0
Kevin Huerter,ATL,G,27.6,1.9,15.4,8.9,0.5,12.200000000000003,8.9,0.3,-3.6,12.2,0.5,7.299999999999997,42.3,1.4,1.4
Nemanja Bjelica,SAC,F,38.1,2.8,-0.1,10.2,0.6000000000000001,-2.200000000000003,5.9,0.2,-16.8,10.2,0.5,4.100000000000001,35.199999999999996,1.2,-5.3
Allen Crabbe,BKN,G-F,17.2,0.7,1.0,11.8,0.30000000000000004,-9.700000000000003,13.2,0.3,-8.0,17.6,0.3999999999999999,-5.099999999999994,39.2,1.0,3.2
Jonathan Isaac,ORL,F,38.3,2.1,-3.7,10.4,0.3999999999999999,-11.799999999999997,7.3,0.2,-16.2,8.3,0.30000000000000004,-0.4999999999999929,35.4,1.2,0.5
Jeremy Lin,TOR,G,28.000000000000004,1.6,12.7,10.4,0.3999999999999999,0.30000000000000426,9.1,0.3,1.1,14.3,0.5,7.299999999999997,38.2,1.1,2.2
Robin Lopez,CHI,C,43.6,2.7,-9.2,12.1,0.5999999999999996,-9.700000000000003,8.6,0.4,-11.1,15.5,0.7,1.6000000000000014,20.599999999999998,0.8,-1.4
Tony Parker,CHA,G,19.6,0.6,6.8,9.5,0.09999999999999998,-25.799999999999997,9.5,0.2,14.0,19.0,0.30000000000000004,1.3000000000000043,43.0,0.6,-1.3
Shabazz Napier,BKN,G,20.1,0.9,2.3,11.8,0.4,1.1000000000000085,10.3,0.3,1.7,14.7,0.3999999999999999,2.0999999999999943,42.1,0.8,-7.9
Markieff Morris,OKC,F,35.199999999999996,1.8,-3.8,14.6,0.4999999999999998,-13.799999999999997,7.9,0.4,10.2,10.1,0.30000000000000004,-4.299999999999997,33.0,1.0,-1.3
JaMychal Green,LAC,F,32.6,1.4,4.3,9.0,0.30000000000000004,-1.3999999999999915,6.0,0.2,5.2,10.4,0.10000000000000009,-22.4,41.3,1.0,-1.3
Danuel House Jr.,HOU,F-G,34.2,2.2,4.1,11.5,0.5,-6.600000000000001,9.4,0.2,-20.1,6.2,0.30000000000000004,12.400000000000006,38.2,1.3,0.1
Al-Farouq Aminu,POR,F,34.4,2.3,0.7,9.3,0.40000000000000036,-13.200000000000003,8.4,0.4,-1.5,11.2,0.6000000000000001,12.000000000000007,36.199999999999996,1.6,4.4
Larry Nance Jr.,CLE,F,45.9,3.1,-0.9,14.3,0.6999999999999997,-8.299999999999997,6.2,0.2,-19.2,8.9,0.4,2.6000000000000014,25.0,0.9,-2.2
Nicolas Batum,CHA,F-G,29.299999999999997,1.5,-7.1,10.6,0.5,-0.8000000000000043,5.3,0.1,-23.1,12.8,0.5999999999999999,12.399999999999999,41.6,1.3,-2.9
Jalen Brunson,DAL,G,23.400000000000002,1.3,9.6,9.2,0.3999999999999999,7.799999999999997,10.5,0.3,-3.9,14.5,0.40000000000000013,-2.6000000000000014,41.9,1.2,0.6
Gerald Green,HOU,G-F,36.3,1.7,7.5,8.7,0.30000000000000004,-0.9000000000000057,8.7,0.3,8.1,7.2,0.20000000000000007,2.5,38.9,0.9,-1.2
Rajon Rondo,LAL,G,26.8,2.0,17.0,6.3,0.3999999999999999,15.200000000000003,7.3,0.3,1.4,11.5,0.5,7.800000000000004,48.199999999999996,1.5,-1.6
Alex Caruso,LAL,G,21.8,1.2,-0.8,7.3,0.40000000000000013,9.0,8.3,0.1,-28.4,14.6,0.40000000000000013,-9.3,47.9,1.4,-5.4
Landry Shamet,LAC,G,25.3,1.4,3.3,14.5,0.6000000000000001,0.5000000000000071,9.6,0.3,-3.5,14.5,0.5,3.6999999999999957,36.0,1.0,-0.2
Terry Rozier,BOS,G,21.099999999999998,1.1,10.4,11.3,0.2999999999999998,-12.0,9.9,0.3,2.7,14.1,0.3999999999999999,2.1000000000000085,43.6,1.1,-1.6
Ish Smith,DET,G,26.700000000000003,1.3,6.6,10.8,0.30000000000000004,-13.800000000000004,16.2,0.5,0.4,14.9,0.4,-0.5,31.5,0.9,1.5
Malik Monk,CHA,G,27.6,0.8,6.8,7.0,0.09999999999999998,-16.89999999999999,9.3,0.3,35.9,11.6,0.20000000000000007,3.6000000000000014,43.2,0.7,2.9
Rondae Hollis-Jefferson,BKN,F,39.900000000000006,2.3,2.2,10.3,0.40000000000000036,-7.699999999999996,8.0,0.3,-3.3,11.5,0.29999999999999993,-8.100000000000001,30.0,0.9,-2.0
Ivica Zubac,LAC,C,54.400000000000006,2.9,-10.5,14.9,0.6000000000000001,-13.200000000000003,5.9,0.3,-2.5,8.9,0.30000000000000004,-4.099999999999994,16.3,0.6,3.7
Bam Adebayo,MIA,C-F,37.7,1.9,-5.9,14.8,0.3999999999999999,-21.399999999999995,9.1,0.3,-10.1,12.5,0.4,-1.2000000000000028,26.1,0.9,1.7
Tomas Satoransky,WAS,G-F,32.2,2.1,7.1,11.6,0.5,-4.199999999999996,6.3,0.3,8.1,11.6,0.30000000000000004,-10.599999999999998,38.2,1.4,2.5
Marcus Smart,BOS,G,23.1,1.6,7.1,5.2,0.19999999999999996,-11.400000000000006,8.2,0.3,-3.7,11.3,0.5000000000000002,7.400000000000006,51.5,1.7,-1.7
Mario Hezonja,NYK,F,33.300000000000004,1.8,3.3,8.7,0.30000000000000004,-10.199999999999996,7.5,0.3,6.0,10.0,0.30000000000000004,0.30000000000000426,39.7,1.3,3.8
Alec Burks,SAC,G,35.699999999999996,1.7,2.9,9.7,0.40000000000000013,5.199999999999996,5.6,0.1,-17.8,11.1,0.4,12.600000000000009,37.9,0.9,-1.3
Delon Wright,MEM,G,29.599999999999998,1.4,0.8,10.5,0.40000000000000013,-1.0,10.5,0.2,-15.7,11.8,0.3999999999999999,6.0,37.3,1.0,-0.7
Frank Kaminsky,CHA,F-C,41.4,2.0,0.1,14.3,0.5,-7.100000000000001,5.2,0.2,4.1,10.4,0.30000000000000004,0.19999999999999574,27.900000000000002,1.0,12.5
Norman Powell,TOR,F-G,20.4,0.8,11.6,10.7,0.30000000000000004,-1.5,10.7,0.1,-22.7,16.1,0.30000000000000004,-2.8999999999999915,43.0,0.8,-2.1
Kyle Korver,UTA,G-F,31.3,1.4,3.7,9.0,0.20000000000000018,-16.89999999999999,7.5,0.3,19.1,10.4,0.3999999999999999,19.5,41.099999999999994,1.1,4.2
Trey Lyles,DEN,F,36.6,1.6,-0.4,11.1,0.2999999999999998,-15.399999999999999,5.6,0.2,4.3,12.5,0.30000000000000004,-3.79999999999999,33.7,0.8,-2.1
Rodions Kurucs,BKN,F,36.4,1.8,-3.2,11.1,0.40000000000000013,-8.70000000000001,6.2,0.2,-3.1,11.1,0.4,7.199999999999996,35.0,0.9,-2.6
Langston Galloway,DET,G,29.299999999999997,1.4,4.5,10.0,0.30000000000000004,-7.700000000000003,8.6,0.2,-7.3,15.7,0.5,7.100000000000001,36.199999999999996,0.8,-3.4
Noah Vonleh,NYK,F,38.3,2.6,-0.9,13.4,0.7999999999999998,0.3999999999999986,7.1,0.3,-10.6,11.6,0.3999999999999999,-6.200000000000006,29.299999999999997,1.3,4.4
DeAndre' Bembry,ATL,F,29.7,1.6,6.2,10.0,0.3999999999999999,-0.7000000000000028,6.2,0.3,18.8,12.5,0.30000000000000004,-8.199999999999996,42.0,1.2,-0.6
Mikal Bridges,PHX,F,33.300000000000004,2.1,-0.9,10.9,0.5,-5.199999999999996,5.0,0.1,-21.6,10.9,0.5,7.800000000000004,39.300000000000004,1.6,5.6
Bruno Caboclo,MEM,F,37.1,1.7,-6.6,6.0,0.19999999999999996,-11.800000000000004,6.0,0.2,-2.7,13.1,0.40000000000000013,-1.3000000000000043,38.1,1.2,2.1
Darius Miller,NOP,F,26.0,1.3,-4.2,12.8,0.3999999999999999,-14.699999999999996,7.0,0.3,8.6,11.6,0.3999999999999999,2.6000000000000014,42.4,1.3,0.9
Jahlil Okafor,NOP,C,52.900000000000006,2.7,-8.3,14.7,0.5999999999999996,-9.899999999999999,7.4,0.4,5.5,8.4,0.30000000000000004,-0.4000000000000057,16.3,0.5,-3.7
Richaun Holmes,PHX,F-C,46.300000000000004,2.2,-7.2,12.5,0.5,-7.299999999999997,9.1,0.3,-13.4,13.6,0.5,4.099999999999987,17.9,0.4,-7.0
Markelle Fultz,ORL,G,23.5,1.1,3.5,12.5,0.2999999999999998,-12.899999999999999,8.3,0.3,8.6,16.7,0.6000000000000001,11.800000000000004,39.0,0.7,-9.0
Austin Rivers,HOU,G,28.999999999999996,1.6,8.5,12.7,0.2999999999999998,-20.10000000000001,11.4,0.4,2.9,11.4,0.4,6.399999999999999,35.699999999999996,0.9,-2.8
Frank Jackson,NOP,G,25.8,1.3,18.1,12.5,0.3999999999999999,0.10000000000000853,7.8,0.2,-1.1,12.5,0.30000000000000004,-0.7000000000000028,40.1,1.0,4.7
Isaiah Thomas,DEN,G,18.2,0.5,14.8,10.8,0.09999999999999998,-28.599999999999994,8.1,0.2,24.6,21.6,0.2,-14.200000000000003,40.9,0.3,-18.5
Kyle Anderson,MEM,F,30.2,1.5,-3.7,6.0,0.10000000000000009,-32.4,10.7,0.4,0.3,13.1,0.2999999999999998,-9.999999999999996,38.7,1.1,-0.5
Davis Bertans,SAS,F,31.3,1.8,0.4,12.1,0.4999999999999998,-5.900000000000006,6.6,0.2,-9.5,11.0,0.3999999999999999,3.1000000000000014,38.5,1.3,1.2
Jamal Crawford,PHX,G,22.7,0.8,25.0,10.5,0.19999999999999996,-1.2000000000000028,10.5,0.1,-13.8,10.5,0.20000000000000007,12.200000000000003,45.5,0.6,-0.1
Seth Curry,POR,G,15.4,0.7,19.9,10.0,0.30000000000000004,1.3999999999999915,10.0,0.3,10.9,20.0,0.3999999999999999,-4.099999999999987,44.2,0.8,-4.9
Josh Hart,LAL,G,29.9,2.0,-2.2,12.5,0.6000000000000001,-6.899999999999999,9.8,0.4,-5.4,11.6,0.5,0.6999999999999957,36.5,1.4,-0.9
Garrett Temple,LAC,G-F,26.700000000000003,1.7,3.8,9.4,0.30000000000000004,-17.499999999999993,7.3,0.4,15.4,12.5,0.6000000000000001,11.700000000000003,43.6,1.5,-0.8
James Johnson,MIA,F,25.7,1.3,-2.7,11.9,0.30000000000000004,-22.700000000000003,4.8,0.1,-19.8,10.7,0.30000000000000004,-4.399999999999999,46.300000000000004,1.4,1.3
Ante Zizic,CLE,C,43.1,2.4,-0.2,19.3,0.7000000000000002,-11.600000000000009,9.1,0.4,-0.2,11.4,0.4,2.3000000000000043,16.7,0.6,9.1
Mason Plumlee,DEN,F-C,44.5,2.2,-7.0,11.0,0.3999999999999999,-13.999999999999993,7.7,0.3,-6.4,7.7,0.29999999999999993,4.79999999999999,29.7,0.9,-3.2
Josh Okogie,MIN,G,29.599999999999998,1.9,5.9,9.8,0.30000000000000027,-17.4,7.6,0.4,16.3,10.9,0.3999999999999999,2.200000000000003,42.6,1.5,2.4
Maurice Harkless,POR,F,30.3,1.6,-0.8,12.0,0.2999999999999998,-19.800000000000004,8.4,0.2,-14.8,12.0,0.3999999999999999,2.700000000000003,37.6,1.1,-0.2
Patrick Beverley,LAC,G,26.200000000000003,1.7,2.0,8.1,0.30000000000000004,-13.400000000000006,12.1,0.4,-7.9,12.1,0.5,3.5,41.9,1.4,-2.5
George Hill,MIL,G,19.400000000000002,1.1,5.9,9.8,0.2999999999999998,-11.900000000000006,11.0,0.4,3.2,13.4,0.5,7.199999999999996,46.6,1.3,-1.6
Rodney McGruder,LAC,F-G,24.4,1.3,2.1,10.5,0.30000000000000004,-17.4,11.6,0.4,-0.7,16.3,0.8,17.89999999999999,37.0,1.2,1.3
Jake Layman,POR,F,31.5,1.3,4.3,12.7,0.3999999999999999,-0.30000000000000426,9.5,0.2,-6.4,12.7,0.30000000000000004,-0.4999999999999929,32.9,0.7,-3.9
Shelvin Mack,CHA,G,22.8,1.3,12.0,11.4,0.3999999999999999,-5.600000000000001,8.9,0.4,16.0,12.7,0.40000000000000013,1.8000000000000043,44.6,1.4,5.4
Dorian Finney-Smith,DAL,F,30.099999999999998,1.9,0.7,11.0,0.3999999999999999,-15.5,8.0,0.3,-6.1,12.0,0.5,3.5,38.6,1.2,-5.4
Dillon Brooks,MEM,G-F,28.799999999999997,1.2,5.5,8.1,0.40000000000000013,28.299999999999997,3.2,0.0,-40.4,8.1,0.09999999999999998,-18.099999999999994,52.300000000000004,0.9,-7.9
Iman Shumpert,HOU,G,31.3,1.5,6.5,8.6,0.30000000000000004,-0.8999999999999986,7.1,0.1,-24.0,11.4,0.2999999999999998,-1.1000000000000085,41.6,1.1,3.8
Chandler Parsons,MEM,F,27.500000000000004,1.0,5.6,9.1,0.30000000000000004,6.0,5.5,0.0,-39.9,9.1,0.20000000000000007,3.3999999999999986,49.3,0.7,-9.2
Miles Bridges,CHA,F,32.0,1.8,5.1,10.6,0.4999999999999998,4.300000000000011,5.9,0.3,16.4,11.8,0.40000000000000013,3.200000000000003,40.0,1.2,0.3
Vince Carter,ATL,F-G,32.4,1.2,-1.7,9.8,0.19999999999999996,-18.299999999999997,3.3,0.2,56.5,8.2,0.19999999999999996,3.200000000000003,45.4,1.1,3.7
Draymond Green,GSW,F,33.800000000000004,2.7,-6.1,9.8,0.3999999999999999,-22.900000000000002,7.7,0.4,-9.5,9.8,0.5,-1.6000000000000014,39.5,2.0,-0.3
Dwayne Bacon,CHA,G-F,24.5,1.3,16.8,13.8,0.30000000000000004,-18.099999999999987,7.7,0.2,-3.1,10.8,0.30000000000000004,4.8999999999999915,43.7,1.0,0.1
Mitchell Robinson,NYK,C,41.199999999999996,2.4,-9.1,10.7,0.3999999999999999,-19.0,6.2,0.1,-32.4,11.6,0.40000000000000013,-7.800000000000001,30.4,1.2,-1.5
Antonio Blakeney,CHI,G,28.4,0.8,2.7,11.6,0.19999999999999996,-10.200000000000003,4.7,0.2,61.1,7.0,0.10000000000000009,-2.799999999999997,49.5,1.0,11.5
P.J. Tucker,HOU,F,31.4,2.3,-0.3,13.6,0.7000000000000002,-8.299999999999997,6.8,0.3,-7.6,9.3,0.40000000000000013,-1.2999999999999972,39.4,1.4,-4.6
Doug McDermott,IND,F,29.2,1.0,7.5,11.5,0.30000000000000004,-0.3999999999999986,9.6,0.1,-19.8,9.6,0.20000000000000007,2.6999999999999957,39.800000000000004,0.7,-3.3
Dirk Nowitzki,DAL,F,47.099999999999994,2.1,6.1,9.1,0.2999999999999998,-2.5,6.1,0.3,25.2,12.1,0.4,13.999999999999993,25.7,0.5,-5.0
Willy Hernangomez,CHA,C,51.4,2.3,7.3,11.1,0.30000000000000027,-9.600000000000009,4.8,0.1,-14.4,12.7,0.4,11.599999999999994,18.6,0.4,2.3
Lance Stephenson,LAL,G,23.0,0.8,5.5,8.2,0.09999999999999998,-24.4,10.2,0.2,-0.8,8.2,0.20000000000000007,12.0,50.2,0.9,-0.6
Justin Jackson,DAL,F,27.400000000000002,1.4,5.2,11.1,0.30000000000000004,-13.199999999999996,5.6,0.2,7.9,12.5,0.2999999999999998,-4.800000000000004,43.3,1.1,-0.9
Luol Deng,MIN,F,28.000000000000004,1.2,-1.8,10.3,0.40000000000000013,3.3999999999999915,5.9,0.2,10.6,10.3,0.10000000000000009,-22.299999999999997,45.300000000000004,0.7,-12.5
Joakim Noah,MEM,C,40.8,1.8,-7.2,10.1,0.30000000000000004,-15.5,5.1,0.2,2.9,12.7,0.20000000000000007,-17.5,32.0,0.9,0.2
Harry Giles III,SAC,F-C,41.8,1.7,0.1,12.1,0.40000000000000013,-2.700000000000003,9.1,0.2,-14.8,10.6,0.30000000000000004,5.499999999999993,26.400000000000002,0.6,0.3
Derrick Jones Jr.,MIA,F-G,25.1,1.1,-9.5,9.5,0.2999999999999998,-13.600000000000001,10.7,0.3,-9.2,11.9,0.5,12.399999999999999,42.8,1.1,-4.6
Mike Muscala,LAL,F-C,43.2,2.4,-4.1,12.2,0.5,-10.0,7.1,0.3,-4.5,8.2,0.30000000000000004,0.29999999999999716,30.099999999999998,1.0,-0.6
Luke Kornet,NYK,F-C,47.699999999999996,2.6,-11.1,12.3,0.6000000000000001,-6.3999999999999915,6.6,0.1,-35.0,10.4,0.5999999999999999,17.600000000000016,22.900000000000002,0.8,-1.0
OG Anunoby,TOR,F,26.8,1.2,1.3,11.8,0.30000000000000004,-13.700000000000003,5.9,0.2,7.3,14.7,0.4999999999999999,12.700000000000003,41.5,0.9,-2.2
Terrance Ferguson,OKC,G,27.400000000000002,1.7,7.4,10.2,0.30000000000000004,-16.89999999999999,9.1,0.3,-3.5,11.4,0.40000000000000013,1.499999999999993,42.199999999999996,1.4,0.8
Pat Connaughton,MIL,G,16.900000000000002,1.0,3.5,9.1,0.30000000000000004,-12.300000000000004,12.5,0.4,-3.2,14.8,0.5,0.8000000000000043,47.099999999999994,1.5,2.0
Tyus Jones,MIN,G,17.9,0.8,16.2,10.0,0.30000000000000004,0.7000000000000028,11.7,0.3,3.0,13.3,0.30000000000000004,-1.2000000000000028,45.9,1.2,7.0
Stanley Johnson,NOP,F,31.2,1.3,5.6,11.5,0.30000000000000004,-9.800000000000004,8.2,0.2,-3.6,14.8,0.19999999999999996,-14.3,35.099999999999994,0.8,0.3
Quinn Cook,GSW,G,25.3,1.0,16.8,10.0,0.19999999999999996,-7.6000000000000085,8.0,0.2,9.7,14.0,0.20000000000000007,-8.499999999999996,43.1,0.9,5.3
Dante Exum,UTA,G,19.3,0.7,-1.6,15.5,0.40000000000000013,-5.200000000000003,8.6,0.2,0.4,17.2,0.3999999999999999,1.500000000000007,38.6,0.8,-1.8
Wayne Selden,CHI,G-F,26.700000000000003,1.2,12.0,10.2,0.30000000000000004,0.4999999999999929,5.1,0.1,-8.9,11.9,0.19999999999999996,-7.9999999999999964,45.0,1.0,0.9
Maxi Kleber,DAL,F,40.699999999999996,2.2,-9.6,12.7,0.5,-12.799999999999997,5.9,0.1,-29.0,11.8,0.5,3.8999999999999915,29.599999999999998,1.0,-2.7
Brandon Knight,CLE,G,25.3,1.1,16.5,8.8,0.3999999999999999,27.700000000000003,10.5,0.2,-8.3,12.3,0.30000000000000004,3.3999999999999986,42.4,0.8,-1.6
Evan Turner,POR,G-F,20.3,1.2,1.6,12.2,0.40000000000000013,-13.700000000000003,12.2,0.5,3.7,18.9,0.7,3.8999999999999915,36.5,1.1,-2.2
Ersan Ilyasova,MIL,F,38.7,1.8,-1.1,15.4,0.4999999999999998,-11.600000000000001,7.7,0.4,17.9,10.3,0.3999999999999999,12.900000000000006,28.499999999999996,0.8,2.4
JR Smith,CLE,G-F,19.0,0.9,22.6,6.9,0.20000000000000007,-0.5999999999999943,5.2,0.0,-42.6,15.5,0.5,18.000000000000014,53.400000000000006,1.1,2.2
Ryan Arcidiacono,CHI,G,27.1,1.5,7.0,10.1,0.19999999999999996,-24.89999999999999,7.6,0.3,8.4,13.9,0.40000000000000013,-1.000000000000007,41.6,1.2,-0.7
James Ennis III,PHI,F,36.5,1.6,5.4,13.8,0.5,4.500000000000014,7.7,0.2,-4.2,9.2,0.30000000000000004,12.099999999999994,32.5,0.8,0.6
Ian Clark,NOP,G,25.5,1.0,11.7,7.1,0.30000000000000004,24.200000000000003,10.7,0.3,11.3,12.5,0.29999999999999993,5.100000000000001,45.2,0.9,-0.1
Michael Kidd-Gilchrist,CHA,F,39.1,2.0,-3.9,12.4,0.5,-6.100000000000001,5.6,0.1,-27.5,7.9,0.30000000000000004,6.100000000000001,34.4,1.0,-2.0
Zach Collins,POR,F-C,48.5,2.3,-6.7,10.5,0.40000000000000036,-7.600000000000001,4.7,0.1,-22.1,9.3,0.4,14.300000000000004,26.400000000000002,0.9,6.0
MarShon Brooks,MEM,G,25.8,0.7,1.2,7.0,0.20000000000000007,15.300000000000004,9.3,0.1,-13.5,9.3,0.09999999999999998,-13.299999999999997,49.2,0.8,1.6
David Nwaba,CLE,G,30.7,1.6,5.9,10.4,0.2999999999999998,-13.600000000000001,6.5,0.2,-3.3,9.1,0.19999999999999996,-9.099999999999998,42.4,1.3,4.4
Cory Joseph,IND,G,23.0,1.4,6.9,12.4,0.40000000000000013,-13.600000000000009,10.1,0.3,-7.0,12.4,0.5,7.400000000000006,42.5,1.2,-2.7
Johnathan Williams,LAL,F,42.0,1.8,3.3,10.8,0.19999999999999996,-23.40000000000001,10.8,0.3,-3.9,10.8,0.20000000000000007,-9.400000000000002,26.700000000000003,0.7,1.3
Jonathon Simmons,PHI,F,23.9,1.0,9.6,9.8,0.19999999999999996,-17.9,9.8,0.2,-7.5,13.1,0.3999999999999999,12.400000000000006,42.9,1.0,2.4
Shaquille Harrison,CHI,G,27.700000000000003,1.5,6.4,8.4,0.30000000000000004,-8.400000000000006,8.4,0.3,2.4,14.5,0.5,3.999999999999993,40.699999999999996,1.1,-2.5
Sterling Brown,MIL,G,18.8,0.6,-5.5,6.7,0.20000000000000007,0.4000000000000057,10.0,0.3,9.6,11.7,0.40000000000000013,20.39999999999999,53.1,1.2,3.5
CJ Miles,MEM,F-G,26.700000000000003,0.7,-4.3,6.8,0.0,-51.39999999999999,6.8,0.2,25.0,15.9,0.20000000000000007,-8.299999999999994,42.4,0.7,3.3
Gorgui Dieng,MIN,C,44.1,1.7,-4.1,13.4,0.30000000000000004,-19.1,6.0,0.2,0.7,10.4,0.40000000000000013,18.599999999999994,26.6,0.7,6.9
T.J. McConnell,PHI,G,19.5,0.9,5.6,13.4,0.4,-3.6000000000000014,14.9,0.4,-1.3,17.9,0.5,4.199999999999989,34.8,0.7,-3.7
Devin Harris,DAL,G,25.4,0.8,12.6,9.5,0.19999999999999996,-1.8000000000000043,14.3,0.1,-24.2,11.9,0.20000000000000007,3.200000000000003,38.800000000000004,0.6,0.4
Jonas Jerebko,GSW,F,31.8,1.4,12.4,13.3,0.30000000000000004,-11.400000000000006,5.0,0.1,-8.9,11.7,0.19999999999999996,-8.00000000000001,37.9,0.8,-0.5
Omri Casspi,MEM,F,30.5,0.9,-2.4,12.0,0.20000000000000007,-19.1,8.0,0.1,-16.6,8.0,0.20000000000000007,11.500000000000007,42.0,0.7,-3.2
Cameron Payne,CLE,G,26.1,1.3,17.5,7.8,0.30000000000000004,9.900000000000006,6.3,0.2,9.6,14.1,0.40000000000000013,6.299999999999997,45.2,1.2,6.5
Kevon Looney,GSW,C-F,32.9,2.1,-3.4,15.5,0.6999999999999997,-10.700000000000003,8.2,0.4,-2.2,15.5,0.6000000000000001,-2.6000000000000085,28.000000000000004,1.0,-3.6
Troy Daniels,PHX,G,31.5,1.2,10.1,11.5,0.30000000000000004,-1.2999999999999972,7.7,0.2,7.5,9.6,0.20000000000000007,2.3999999999999915,39.0,0.9,4.7
Mo Bamba,ORL,C,51.7,2.5,-4.6,12.8,0.5,-5.5,9.3,0.3,-11.4,8.1,0.30000000000000004,4.300000000000004,18.4,0.6,4.3
Tyler Dorsey,MEM,G,33.300000000000004,1.4,9.7,10.7,0.20000000000000018,-18.300000000000004,5.4,0.2,25.8,8.9,0.30000000000000004,22.1,41.3,0.8,0.4
Jerryd Bayless,MIN,G,17.299999999999997,0.7,10.4,10.3,0.30000000000000004,2.5,10.3,0.3,9.2,10.3,0.19999999999999996,-4.3999999999999915,52.400000000000006,1.3,5.9
Sam Dekker,WAS,F,34.1,1.4,7.0,6.8,0.10000000000000009,-26.999999999999993,6.8,0.3,31.7,8.5,0.20000000000000007,2.6000000000000014,44.0,0.9,-1.2
Kenrich Williams,NOP,G-F,35.5,2.0,-1.7,13.0,0.6000000000000001,-1.2000000000000028,5.4,0.2,-2.1,10.9,0.3999999999999999,2.6999999999999957,34.699999999999996,1.1,-1.1
Cheick Diallo,NOP,F,53.1,1.9,-5.3,12.7,0.30000000000000027,-14.800000000000004,4.8,0.1,-16.9,11.1,0.30000000000000004,6.5,16.8,0.5,8.5
Isaiah Canaan,MIL,G,23.599999999999998,1.3,16.3,10.1,0.30000000000000004,-9.000000000000007,11.6,0.3,-3.1,8.7,0.19999999999999996,-5.100000000000001,46.2,1.0,-4.5
Henry Ellenson,NYK,F,42.4,2.0,11.8,16.1,0.6000000000000001,6.799999999999997,4.8,0.2,21.3,11.3,0.30000000000000004,6.100000000000001,26.3,0.7,6.0
Tony Snell,MIL,G,19.900000000000002,0.8,3.9,11.5,0.30000000000000004,-7.500000000000007,6.6,0.2,10.6,18.0,0.3999999999999999,-1.2000000000000028,44.3,1.0,3.2
Wilson Chandler,LAC,F,28.999999999999996,1.5,3.5,11.1,0.3999999999999999,-6.100000000000001,9.9,0.4,5.6,14.8,0.5,3.499999999999993,34.5,1.0,2.3
Jordan McRae,WAS,G,40.699999999999996,1.4,4.6,5.9,0.0,-52.2,3.9,0.1,7.9,7.8,0.10000000000000009,-12.5,41.5,1.0,9.4
Yogi Ferrell,SAC,G,25.2,0.9,12.5,8.2,0.20000000000000007,2.0999999999999943,8.2,0.1,-15.4,14.3,0.19999999999999996,-8.500000000000004,45.300000000000004,0.8,0.7
Omari Spellman,ATL,F,26.200000000000003,1.1,-9.4,8.5,0.2999999999999998,-8.100000000000001,4.9,0.3,29.6,12.2,0.5,13.0,47.8,1.2,-5.0
Aaron Holiday,IND,G,25.7,0.8,0.3,8.0,0.09999999999999998,-25.099999999999994,14.0,0.2,-11.9,12.0,0.30000000000000004,11.800000000000004,39.4,0.6,-2.9
Matthew Dellavedova,CLE,G,27.700000000000003,1.3,9.1,13.6,0.3999999999999999,-5.299999999999997,6.1,0.3,33.0,16.7,0.40000000000000013,-0.7000000000000028,36.3,0.7,-4.8
Nik Stauskas,CLE,G,21.6,0.8,12.9,8.2,0.19999999999999996,0.6000000000000014,10.2,0.2,1.5,14.3,0.19999999999999996,-8.900000000000002,45.1,1.0,8.4
Meyers Leonard,POR,F-C,37.1,1.6,5.1,8.1,0.2999999999999998,6.799999999999997,6.5,0.1,-24.3,16.1,0.5,11.600000000000009,32.4,0.7,-1.1
D.J. Wilson,MIL,F,36.3,1.7,-10.0,10.9,0.30000000000000004,-22.799999999999997,6.5,0.2,-10.6,8.7,0.3999999999999999,14.600000000000009,38.4,1.3,2.8
Juancho Hernangomez,DEN,F,35.5,1.7,-4.5,9.8,0.30000000000000004,-15.200000000000003,7.3,0.4,22.3,8.5,0.30000000000000004,5.5,38.4,1.0,-3.5
Ed Davis,BKN,C,45.9,2.5,-0.7,17.0,0.6000000000000001,-12.600000000000001,12.5,0.6,2.6,10.2,0.4,6.29999999999999,14.2,0.4,-0.7
Furkan Korkmaz,PHI,G-F,25.0,0.9,8.9,13.0,0.29999999999999993,-6.799999999999997,7.4,0.2,7.5,13.0,0.19999999999999996,-8.600000000000005,40.5,1.0,9.7
Mike Scott,PHI,F,32.0,1.2,3.8,12.3,0.30000000000000004,-8.799999999999997,8.8,0.1,-23.1,12.3,0.30000000000000004,5.600000000000001,34.8,0.6,-5.7
Ivan Rabb,MEM,F,42.699999999999996,2.2,10.0,10.0,0.2999999999999998,-9.400000000000006,7.1,0.2,-4.8,8.6,0.29999999999999993,14.399999999999999,30.7,0.9,7.9
Elie Okobo,PHX,G,29.7,1.2,6.8,10.0,0.19999999999999996,-14.79999999999999,11.7,0.2,-12.6,11.7,0.3999999999999999,18.5,36.8,0.8,1.5
Torrey Craig,DEN,F,25.900000000000002,1.2,-2.3,9.2,0.19999999999999996,-22.600000000000005,9.2,0.2,-13.9,10.5,0.2999999999999998,-1.0,45.4,1.1,-3.3
Frank Ntilikina,NYK,G,30.3,1.5,5.9,16.9,0.3999999999999999,-17.39999999999999,5.6,0.2,7.8,12.7,0.29999999999999993,-4.999999999999993,35.4,0.9,0.9
Andre Iguodala,GSW,F-G,31.1,1.4,1.5,11.1,0.30000000000000004,-14.900000000000006,8.3,0.2,-10.7,8.3,0.19999999999999996,-4.0,41.6,1.0,-2.9
Daniel Theis,BOS,F,44.7,2.0,-0.1,14.9,0.5,-6.0,6.8,0.2,-9.1,10.8,0.30000000000000004,0.7000000000000028,23.200000000000003,0.6,-2.4
John Henson,CLE,F,34.9,1.0,-15.9,14.8,0.19999999999999996,-30.2,3.3,0.1,0.8,18.0,0.30000000000000004,-11.899999999999995,29.099999999999998,0.6,2.4
Aron Baynes,BOS,C-F,44.0,2.4,-5.9,19.0,1.0,0.3999999999999986,7.0,0.4,5.9,11.0,0.30000000000000004,-9.700000000000006,18.7,0.7,0.5
Chasson Randle,WAS,G,32.7,1.3,10.9,10.9,0.30000000000000004,0.0,7.3,0.1,-16.5,12.7,0.30000000000000004,5.199999999999996,36.5,0.7,-0.1
Jakob Poeltl,SAS,C,49.9,2.6,-5.2,14.3,0.5,-13.800000000000004,4.4,0.3,25.8,11.0,0.5000000000000001,12.800000000000004,20.7,0.6,-0.2
Damian Jones,GSW,C,36.199999999999996,2.4,-0.2,13.0,0.5,-17.0,6.5,0.3,-3.8,15.7,1.0,20.999999999999993,28.499999999999996,0.8,-7.4
Alex Abrines,OKC,G,28.799999999999997,1.5,14.4,14.5,0.5,-1.3999999999999986,2.9,0.0,-40.0,15.9,0.4999999999999999,7.399999999999999,37.7,0.9,-1.5
Raul Neto,UTA,G,26.1,0.8,4.0,14.3,0.30000000000000004,-6.300000000000004,14.3,0.4,16.9,12.2,0.20000000000000007,-2.6000000000000014,33.5,0.6,0.1
Troy Williams,SAC,F,25.5,0.9,9.5,10.2,0.20000000000000007,-10.199999999999996,6.1,0.2,29.2,12.2,0.20000000000000007,-4.5,48.0,0.9,1.1
Treveon Graham,BKN,F,25.2,1.4,5.3,12.7,0.40000000000000013,-11.000000000000007,8.9,0.3,-0.3,16.5,0.4,-7.100000000000005,36.7,0.9,-3.0
Tim Frazier,MIL,G,24.2,1.3,14.6,7.0,0.30000000000000004,9.999999999999993,11.3,0.4,10.4,11.3,0.30000000000000004,0.29999999999999716,47.0,1.3,3.2
Chandler Hutchison,CHI,F,28.1,1.3,4.8,12.9,0.30000000000000004,-17.099999999999994,7.1,0.2,-2.9,8.6,0.29999999999999993,12.000000000000007,42.0,0.9,-5.8
Royce O'Neale,UTA,F,26.1,1.2,3.0,10.0,0.30000000000000004,-7.300000000000004,12.9,0.4,1.9,15.7,0.4,-1.000000000000007,35.4,0.9,-0.1
Alex Poythress,ATL,F,33.0,0.8,-10.4,10.4,0.09999999999999998,-30.1,12.5,0.2,-10.2,14.6,0.4,20.099999999999994,30.0,0.5,-3.7
Brandon Sampson,CHI,G,24.6,0.8,11.2,18.2,0.3999999999999999,0.0,9.1,0.1,-14.6,11.4,0.30000000000000004,23.299999999999997,36.8,0.5,-2.2
Jalen Jones,CLE,F,29.099999999999998,1.4,19.8,5.4,0.10000000000000009,-18.699999999999996,7.1,0.2,5.7,5.4,0.09999999999999987,-2.8999999999999986,53.2,1.3,8.8
Thon Maker,DET,F,47.5,1.9,-7.7,15.1,0.3999999999999999,-16.000000000000007,2.7,0.2,50.1,6.8,0.20000000000000007,4.200000000000003,27.1,0.7,-1.7
Keita Bates-Diop,MIN,F,35.0,1.4,-4.5,7.1,0.20000000000000018,-11.900000000000006,5.7,0.1,-17.2,14.3,0.4999999999999999,13.100000000000001,37.1,0.9,-0.7
Anthony Tolliver,MIN,F,38.6,1.5,-1.7,11.1,0.30000000000000004,-9.70000000000001,3.2,0.1,6.0,11.1,0.09999999999999998,-21.500000000000007,35.9,0.9,4.4
Cameron Reynolds,MIN,G,32.6,1.1,7.0,6.1,0.09999999999999987,-18.1,6.1,0.2,26.3,12.2,0.4,28.30000000000001,42.699999999999996,0.5,-12.5
De'Anthony Melton,PHX,G,33.900000000000006,1.7,5.1,12.0,0.40000000000000013,-6.600000000000001,5.3,0.2,8.4,10.7,0.19999999999999996,-13.499999999999993,38.4,1.1,1.4
Dragan Bender,PHX,F,45.800000000000004,2.8,-7.1,13.6,0.7000000000000002,-6.8999999999999915,4.5,0.2,-8.9,7.3,0.40000000000000013,11.500000000000007,27.6,1.2,5.2
Wes Iwundu,ORL,F,23.799999999999997,1.0,3.2,11.1,0.19999999999999996,-21.90000000000001,7.9,0.2,0.8,14.3,0.29999999999999993,-4.699999999999996,43.1,0.9,-1.9
Marcin Gortat,LAC,C,48.0,2.4,-3.0,14.3,0.30000000000000027,-27.700000000000003,9.5,0.3,-15.6,11.9,0.5,11.799999999999997,16.5,0.4,-4.5
Nerlens Noel,OKC,F-C,50.9,2.0,-8.3,12.9,0.2999999999999998,-19.69999999999999,4.3,0.2,18.1,8.6,0.19999999999999996,-3.799999999999997,21.9,0.4,-11.0
Corey Brewer,SAC,G-F,25.0,0.9,2.8,7.3,0.29999999999999993,20.500000000000007,7.3,0.1,-14.3,12.7,0.2999999999999998,5.499999999999993,47.0,1.1,7.1
Jared Dudley,BKN,F,35.8,1.6,-7.1,12.7,0.3999999999999999,-11.799999999999997,7.6,0.2,-13.4,11.4,0.4,7.500000000000007,32.800000000000004,0.9,0.6
Donte DiVincenzo,MIL,G,15.9,0.6,3.9,8.3,0.09999999999999998,-29.800000000000004,11.7,0.3,2.2,20.0,0.4999999999999999,3.1000000000000014,42.4,0.9,1.0
Khem Birch,ORL,C,51.5,1.6,-9.3,13.8,0.2999999999999998,-14.200000000000003,6.9,0.2,1.1,12.1,0.2,-8.100000000000005,15.5,0.3,-0.4
Michael Carter-Williams,ORL,G,32.6,1.4,9.9,8.3,0.30000000000000004,10.699999999999996,10.0,0.3,8.5,10.0,0.30000000000000004,13.899999999999999,38.4,0.6,-10.4
Troy Brown Jr.,WAS,F,28.7,1.2,7.4,11.7,0.40000000000000013,8.099999999999987,8.3,0.2,-0.9,10.0,0.30000000000000004,13.100000000000001,41.8,0.6,-9.0
Devonte' Graham,CHA,G,21.0,0.8,15.4,10.6,0.19999999999999996,-9.5,10.6,0.1,-18.4,14.9,0.29999999999999993,5.899999999999999,42.9,0.9,8.0
Jonah Bolden,PHI,F,45.1,1.6,-8.3,10.4,0.2999999999999998,-9.300000000000004,3.0,0.1,3.0,11.9,0.30000000000000004,-0.4000000000000057,29.299999999999997,0.6,-4.3
Alfonzo McKinnie,GSW,F,37.8,1.2,1.7,10.4,0.19999999999999996,-11.799999999999997,4.2,0.1,8.1,8.3,0.20000000000000007,13.600000000000009,39.300000000000004,0.6,-4.5
John Jenkins,NYK,G,32.6,0.7,1.1,11.8,0.20000000000000007,0.4000000000000057,5.9,0.1,7.5,2.9,0.0,-36.699999999999996,47.199999999999996,0.7,7.0
Timothe Luwawu-Cabarrot,CHI,G-F,24.9,0.7,-2.9,12.0,0.40000000000000013,15.800000000000004,10.0,0.3,19.9,10.0,0.10000000000000009,-17.200000000000003,41.6,1.0,9.1
Lance Thomas,NYK,F,30.8,1.3,13.2,14.0,0.3999999999999999,-2.6999999999999957,7.0,0.0,-45.9,8.8,0.20000000000000007,2.0999999999999943,40.8,0.6,-10.1
Jevon Carter,MEM,G,19.900000000000002,0.6,-1.6,6.1,0.09999999999999998,-15.0,8.2,0.3,35.0,16.3,0.30000000000000004,-0.5999999999999943,48.9,1.0,5.2
Bismack Biyombo,CHA,C,43.8,1.6,-4.6,13.8,0.6000000000000001,14.299999999999997,6.2,0.1,-23.3,13.8,0.4,6.699999999999996,21.9,0.5,-0.5
Shake Milton,PHI,G,35.099999999999994,0.8,-8.5,11.1,0.09999999999999998,-30.000000000000007,11.1,0.3,15.8,8.9,0.20000000000000007,15.900000000000006,33.800000000000004,0.7,7.6
Solomon Hill,NOP,F,28.299999999999997,1.4,2.5,11.5,0.30000000000000004,-16.299999999999997,9.0,0.1,-27.5,10.3,0.30000000000000004,-0.19999999999999574,41.099999999999994,1.0,-5.3
Bruce Brown,DET,G,30.099999999999998,1.5,-2.3,14.8,0.30000000000000004,-24.9,9.9,0.3,-5.6,9.9,0.3999999999999999,12.099999999999994,35.199999999999996,1.0,0.6
Jaron Blossomgame,CLE,F,46.800000000000004,1.5,-7.3,8.3,0.19999999999999996,-12.0,5.0,0.2,23.5,5.0,0.09999999999999998,-3.999999999999993,34.599999999999994,0.6,-5.6
Glenn Robinson III,DET,G-F,35.0,1.1,6.5,11.1,0.19999999999999996,-10.600000000000001,6.7,0.1,-9.5,13.3,0.30000000000000004,12.600000000000001,32.5,0.5,-4.1
Jerian Grant,ORL,G,24.7,1.0,7.8,12.1,0.3999999999999999,6.399999999999999,8.6,0.2,-1.5,15.5,0.29999999999999993,-4.600000000000001,40.300000000000004,0.9,2.0
Ian Mahinmi,WAS,C,47.099999999999994,1.9,-3.3,12.7,0.5,3.8000000000000114,5.6,0.3,26.7,11.3,0.10000000000000009,-24.6,22.6,0.7,5.1
Shaun Livingston,GSW,G,28.599999999999998,0.9,3.7,12.5,0.20000000000000007,-15.999999999999993,4.2,0.1,8.2,10.4,0.20000000000000007,3.5,42.4,0.6,-3.5
Courtney Lee,DAL,G,20.7,0.4,-4.2,11.1,0.29999999999999993,24.299999999999997,5.6,0.2,58.4,13.9,0.20000000000000007,1.7999999999999972,46.6,0.6,-1.5
Cristiano Felicio,CHI,F-C,45.4,1.8,-2.9,11.8,0.4999999999999998,10.399999999999999,5.9,0.1,-23.8,11.8,0.4,11.800000000000004,25.5,0.6,0.2
Pau Gasol,MIL,C-F,50.6,1.6,-9.7,15.3,0.6000000000000001,13.300000000000011,10.2,0.3,-3.2,13.6,0.4,10.199999999999996,10.6,0.1,-11.4
Zaza Pachulia,DET,C,49.7,1.8,-5.3,12.7,0.40000000000000013,-3.0999999999999943,6.3,0.1,-25.1,11.1,0.3,6.200000000000003,20.0,0.3,-13.9
Thabo Sefolosha,UTA,F,35.8,0.8,4.9,14.7,0.09999999999999998,-31.200000000000003,8.8,0.1,-12.7,5.9,0.10000000000000003,13.700000000000003,33.300000000000004,0.3,-11.1
Rawle Alkins,CHI,G,35.6,1.1,-11.5,9.4,0.5,33.0,9.4,0.4,21.1,12.5,0.30000000000000004,1.2999999999999972,33.300000000000004,0.7,0.1
Patrick Patterson,OKC,F,34.2,1.4,1.9,11.5,0.20000000000000018,-23.500000000000004,4.9,0.1,-13.0,13.1,0.19999999999999996,-11.799999999999997,36.3,1.0,7.7
Nene,HOU,C-F,44.3,1.3,-11.7,11.7,0.3999999999999999,4.499999999999993,10.0,0.3,2.6,11.7,0.30000000000000004,5.400000000000006,23.400000000000002,0.5,-1.8
Andrew Bogut,GSW,C,33.900000000000006,0.9,-11.3,19.6,0.4999999999999999,-3.3999999999999915,1.8,0.1,49.6,25.0,0.7000000000000001,11.100000000000001,19.6,0.4,0.5
Isaiah Briscoe,ORL,G,19.6,0.9,11.1,7.8,0.20000000000000007,-10.000000000000007,9.4,0.2,-6.3,15.6,0.5,13.0,46.6,0.8,-7.4
Wesley Johnson,WAS,F-G,32.7,1.1,0.7,8.8,0.2999999999999998,9.699999999999996,7.0,0.1,-19.9,8.8,0.20000000000000007,1.9000000000000057,42.699999999999996,0.9,3.1
Jaylen Adams,ATL,G,18.9,0.5,2.1,14.3,0.4,16.6,7.1,0.2,27.4,14.3,0.20000000000000007,-3.79999999999999,44.3,0.7,2.5
Tyson Chandler,LAL,C,49.3,2.7,-3.5,15.4,0.5,-16.9,8.8,0.4,-3.8,11.0,0.30000000000000004,-7.700000000000003,15.4,0.5,-1.8
Dante Cunningham,SAS,F,31.7,1.4,6.8,6.6,0.20000000000000018,-4.0,4.9,0.2,20.7,13.1,0.30000000000000004,-0.20000000000000284,42.6,1.3,12.2
Gary Clark,HOU,F,53.300000000000004,1.9,3.3,8.8,0.30000000000000027,8.199999999999996,3.5,0.2,55.5,8.8,0.0,-38.4,27.1,0.5,-5.2
Dairis Bertans,NOP,G,23.7,1.0,25.4,10.2,0.19999999999999996,-8.100000000000009,0.0,0.0,0.0,22.4,0.5,6.200000000000003,42.4,1.3,24.7
Patrick McCaw,TOR,G,32.0,0.9,16.2,12.5,0.20000000000000007,-8.399999999999999,10.0,0.2,9.7,7.5,0.09999999999999998,-2.6999999999999957,38.800000000000004,0.5,-1.5
Ryan Anderson,MIA,F,40.400000000000006,1.4,7.1,12.0,0.20000000000000018,-19.39999999999999,6.0,0.2,21.5,4.0,0.09999999999999998,13.200000000000003,37.4,0.6,-1.3
Jose Calderon,DET,G,24.099999999999998,0.7,3.9,15.2,0.40000000000000013,4.099999999999994,6.5,0.2,26.7,13.0,0.20000000000000007,-2.8000000000000043,41.0,0.7,3.5
Julian Washburn,MEM,F-G,29.299999999999997,0.8,-4.4,8.5,0.09999999999999998,-29.099999999999994,2.1,0.1,61.1,14.9,0.30000000000000004,5.900000000000006,44.0,0.5,-10.3
Quincy Acy,PHX,F,34.699999999999996,1.1,-3.4,13.0,0.19999999999999996,-24.600000000000005,9.3,0.2,-4.6,20.4,0.7,24.800000000000004,22.400000000000002,0.2,-15.6
