PC1,PC2,PC3,PC4,PC5,PC6,PLAYER,TEAM,POSITION
6.291070595920495,3.1217008296227187,2.0158216474630795,-1.3500792049457675,-0.37385244866142303,-1.428918545477862,James Harden,HOU,G
5.0910720715248905,1.8729660319227706,-2.228311329769779,-0.9187318794079186,0.3169737400527537,0.3821507037850092,Paul George,OKC,F
2.9544877900106625,4.665338440678012,-0.5657923555367148,-1.4099800740906239,-0.17328222387550882,-0.7236893451331701,Giannis Antetokounmpo,MIL,F
1.5072324211358274,6.402758921502473,-0.8894386555231525,0.042328709200422816,-0.1449532463073171,-1.3704802623243497,Joel Embiid,PHI,F-C
4.200131629464606,2.578373883860041,0.7056614388388239,-1.783460456087147,1.026414538381364,-1.5402149209727964,LeBron James,LAL,F
4.673033647734883,0.5760063569343098,-2.3938873803719263,1.8745179365981786,2.049318968355925,-0.013298919083003376,Stephen Curry,GSW,G
4.567722680861741,2.12316575830276,-0.9599311625726151,-0.6501408268139571,-1.6077789844423422,-0.39778425725074984,Kawhi Leonard,TOR,F
4.16123332199343,1.358226927583815,1.6095680589490982,0.21080675912024846,-0.465634252207604,-0.3417620741540542,Devin Booker,PHX,G
4.34223115325501,2.4398893427790513,-0.34696495201171623,0.08603418293481495,-1.6225101930405124,-1.2815731570676256,Kevin Durant,GSW,F
2.0371699242010664,5.471903673282649,-1.3821791847126061,-0.7530337925616547,0.2334764257177016,-1.189701861875427,Anthony Davis,NOP,F-C
4.8860262878664455,0.5746360556895124,0.8376311423449494,1.762795734065301,1.1208875131033786,-0.395878582800512,Damian Lillard,POR,G
5.394206302158508,0.7712845849535208,0.7740535707754385,-0.13307171073027504,2.713323274025544,-0.0038249894144093918,Kemba Walker,CHA,G
5.087743360575311,1.7211198576597067,-0.8011271550358259,-0.21431541283618838,1.1243152448752172,0.41122496160875516,Bradley Beal,WAS,G
3.0907463192700773,2.816430474430777,-0.013620067322658474,-2.325881837555723,2.664635553701237,0.9474790682738302,Blake Griffin,DET,F
1.1083669368133893,5.861776215961669,-1.390881929414772,-0.2673381740852131,-0.9428637846957866,-0.3947741626145013,Karl-Anthony Towns,MIN,C
5.320631238509064,1.3027313081593475,0.27295898980277533,0.07310028390196152,1.0997792897264118,-0.9197594298971603,Kyrie Irving,BOS,G
4.184075076970918,0.5730199985808418,0.8196175681017817,1.827351719882105,0.29613092540814206,-0.8039113563480368,Donovan Mitchell,UTA,G
3.705419290166267,0.7176882968890891,0.13697250046139597,-0.7514241988530362,0.6948535198553103,-0.8370277705436258,Zach LaVine,CHI,G
5.206586116957814,1.985037112512234,2.119818196637826,-2.6694465586848923,0.3011329304747904,-0.8872694009488487,Russell Westbrook,OKC,G
2.774098690191058,0.5423920279424668,-3.487594900890825,2.519422694018352,0.7631446380182009,0.24992916433156775,Klay Thompson,GSW,G
1.340690680851071,3.295115290756909,-1.0398463103526099,-1.8118147751276796,-0.980670979232888,0.818216496272532,Julius Randle,NOP,C-F
0.05944702150468921,5.757721215535046,0.023865931490187856,1.4860725407342321,-1.3098148959603408,-1.8281967933575387,LaMarcus Aldridge,SAS,C-F
3.913290347362313,2.0544753525905897,2.8410502541111615,0.8252945908310653,-1.6210486003340483,-0.2511178298148466,DeMar DeRozan,SAS,G
3.6643428431219527,1.5305460206373047,1.3349986610030729,-0.5065960398162647,0.05830351101566965,0.6277901028452397,Luka Doncic,DAL,F-G
4.966687467401176,1.940665099686028,0.7391035597497,-0.33850137640973593,-0.23253874013753142,0.48433765903007064,Jrue Holiday,NOP,G
4.912554768655779,0.30699422668244786,2.3057589506748495,0.9595091253643371,-0.41202585074513604,-1.823192575803354,D'Angelo Russell,BKN,G
4.901361901258478,0.5129553220822766,0.75656529872197,0.9175883699511331,0.07396030113502612,0.22346970403180516,Mike Conley,MEM,G
3.49533580732843,0.5966720567933279,0.001596561002003481,3.971228799286306,0.26192516035905217,-1.381391330021989,CJ McCollum,POR,G
0.359076130824428,6.005787325939125,-0.8124195047621197,1.1648174659036432,-1.0633076831915622,-1.0613670251243839,Nikola Vucevic,ORL,C
4.471790025436686,1.08326980468352,2.692985891402247,-2.149986121814348,-0.5982949748442203,0.306921414469071,John Wall,WAS,G
2.926090943863018,0.3098710407299566,-2.494995766187293,0.7197216898647383,0.7776738141266901,0.5788517094661443,Buddy Hield,SAC,G
1.8028976155847767,5.096787067887607,0.6020868401657657,-0.29077463423334404,-0.8975051169522495,0.72660448855581,Nikola Jokic,DEN,C
2.2454826922548707,1.711466953366402,-1.2209804530535593,0.6592752543373418,-1.2896875169915287,-0.16696150294281314,Tobias Harris,PHI,F
3.288019700099048,-0.5178890850866237,1.7497401447383907,0.45819086471600223,-1.164909201568565,1.1509603584913723,Lou Williams,LAC,G
1.692708774449332,1.230133254075569,-1.5842722489956083,-0.0950999153934193,0.8203546103560825,-0.8760296183697971,Danilo Gallinari,LAC,F
-0.41267811664884146,3.7487099569787357,-1.7601785530066285,-1.0668981870739356,-0.1948280281959598,0.0834600296908983,John Collins,ATL,F-C
4.052922815044162,0.23493859752873414,3.1131226291343035,0.3891714057580989,0.017905434140999738,-0.010953605856457868,Trae Young,ATL,G
5.470086398119634,0.3724720057264506,0.6678852770247736,-1.704290772867563,2.8714295728592245,1.3360833172619888,Victor Oladipo,IND,G
0.5921254731455762,1.9074660095854907,-1.9699805127090328,-0.023770464508401125,-0.2833261949851935,0.21359719394769253,Lauri Markkanen,CHI,F
3.108155377441512,1.583782826395336,-0.12353416377993565,0.13691629090160679,-0.21262877311546582,0.38773896469344066,Jimmy Butler,PHI,G-F
1.0643198244606833,1.6374186390734804,-1.1592308642231044,0.23198566508933202,0.18057697695957486,0.38349582932293386,Kyle Kuzma,LAL,F
3.2256590618750685,0.42264092721839835,-0.050916700391533176,0.806740237148102,-0.7990794732538343,-0.252014127208711,Khris Middleton,MIL,F
2.3147423381594048,1.2079319217799553,0.549691578309067,0.03305369143806011,-1.3934512949442557,0.8132570845855683,Brandon Ingram,LAL,F
3.851280780424536,0.5495077401333432,0.2964241638286257,1.4989253516389038,0.357856146784137,0.18929577131197803,Jamal Murray,DEN,G
2.560382051889331,1.0588271408373515,-0.9783367301212386,-0.43513419266387715,-0.1655947029925828,0.048006914368864326,Andrew Wiggins,MIN,F-G
2.3866560133704424,-0.28208262965057723,-1.3423534989330104,-0.30685343483124006,2.831614316134915,-0.33576396850822643,Tim Hardaway Jr.,DAL,G
1.7907240919748997,-1.4263376868681055,-2.26808896056554,3.7151527418866546,2.8712742541686382,-0.23618565954627138,JJ Redick,PHI,G
3.0638897685034916,0.02871585878379788,0.7752119864759409,0.5815911681255996,-0.7403296264889706,-0.5588181311097217,Derrick Rose,MIN,G
1.743755812314979,0.5863190769619179,-2.070692982535517,-0.6822128103946187,-0.8050940472303668,0.17044581380829538,T.J. Warren,PHX,F
1.8804984555289603,0.030980033123409967,-2.236604174127317,1.2819325470691536,0.09971197098780524,-0.11559078021000357,Bojan Bogdanovic,IND,F
-1.4576845810523025,6.279634985043984,0.6999152259416742,0.2678647271808691,0.7391452466901516,0.9664652427500825,Andre Drummond,DET,C
3.6276358857905984,0.5698223521868607,1.1647999696829707,-1.0855273143124593,-0.8567170681799166,0.04773861067759244,De'Aaron Fox,SAC,G
-0.25743326656805615,1.1506648032967568,-1.523403351562114,-1.5480522403796089,3.058221403118658,2.645692292688765,Kevin Love,CLE,F-C
1.868502481666352,2.176552481091726,-1.6666230291596678,-0.8428527907999191,-1.2047111947296119,-1.0612193593817516,Pascal Siakam,TOR,F
2.3096775922551678,3.2882907235827625,1.3807096659932112,-1.3307002739350078,-1.1387410222924865,1.9694336072652063,Ben Simmons,PHI,G-F
1.9027395404685212,0.13539745851452212,0.3813702575560422,1.0145523408237593,-0.7885303238337491,-0.3008620863457168,Jordan Clarkson,CLE,G
2.318404293773091,-0.29760922946345897,2.038678759053741,1.1444420539496378,-0.21182701603978707,0.0056873638193812295,Spencer Dinwiddie,BKN,G
2.9481911997684644,-0.053888430327600545,0.6847187185857958,-0.07664211353922719,-0.04548095607373674,-0.29487880734089283,Collin Sexton,CLE,G
-1.8508775423806472,6.309095781973504,0.02281336687199209,1.109132323647188,2.5195013930886336,0.25367292852827866,Clint Capela,HOU,C
-1.2872276479322733,4.680554059840427,0.1903734585168086,0.11708799086189392,1.4095387712797411,0.8188667580152724,Montrezl Harrell,LAC,F-C
3.711959446996198,0.10589242505710124,-0.2851145931888983,1.4869795649905566,0.6493570351757448,-0.06520506788128225,Josh Richardson,MIA,G-F
1.1596766487503263,0.5696361624592362,-1.9544311497995914,-0.7649421470953902,-0.24622135561751649,-0.8662021197194144,Harrison Barnes,SAC,F
-1.1290751838538275,6.089876071024462,1.0405617249169885,0.69525882628745,-1.0356677479197516,0.49556319761582746,Deandre Ayton,PHX,C
0.9900651930439819,3.796633961603581,-0.3232775240446859,-2.081854223882321,2.1350777164816,-0.050921981446923156,DeMarcus Cousins,GSW,C
0.9462821476286636,-1.07504276692388,-2.140270769110112,0.13935046498251327,0.9096915064696671,0.5483496760286067,Eric Gordon,HOU,G
1.3440844133211893,1.5353664267298142,-0.5907111238895218,0.7183250404516482,0.4706678738204421,-0.30917122552594184,Aaron Gordon,ORL,F
3.213891893902681,0.7571975881852082,0.31512090790029074,0.7167512722051974,0.29676053679968645,0.592687985415831,Eric Bledsoe,MIL,G
-2.6323611334472172,7.170555909049846,0.3009137117802964,1.620783700145347,1.9004301049180328,0.685435825046345,Rudy Gobert,UTA,C
1.9906546344109308,0.628162548713785,-1.7075155935393873,-1.1052201956297933,-0.591751487387849,0.9753954629128809,Jayson Tatum,BOS,F
2.361822237911888,0.17673968750951533,-1.0349002432674104,2.2779016466093633,0.6842562927136941,-1.0317420327115452,Malcolm Brogdon,MIL,G
-1.7598624723174512,4.908120727867808,0.9415976614475823,-0.1633153453253827,-0.6728342244854176,0.3878704038750348,Jusuf Nurkic,POR,C
4.077746270398452,0.2899480183813697,2.792781783446871,-1.6792888075376404,-0.9665783635089673,-0.24707520998310414,Chris Paul,HOU,G
-2.233724777367154,4.802868755748567,0.2423839216459237,1.6184578169521926,-1.5448117052575534,0.47464031191152545,Jonas Valanciunas,MEM,C
2.428809031821289,-0.2138503923125021,1.4842663061578774,-0.034210292733600635,0.29156759901643575,1.038087873266725,Dennis Schroder,OKC,G
2.4497746363251807,-0.6252526125895326,0.7684649018376928,-0.0870298396963698,-0.39140839147494644,0.05757431479458854,Reggie Jackson,DET,G
2.3515994840423122,-0.23231283257945415,-0.7509038732260715,0.2725829244038029,-0.8525543858705374,-0.30374115978412286,Jeremy Lamb,CHA,G
0.9677150953813038,0.16102132299709226,-1.2582588551677705,-0.7580216112013219,0.143218296259382,0.07767293431708261,Kelly Oubre Jr.,PHX,F
-0.12095829657393414,0.7131357008596341,-2.572517400606454,-0.01074802023259533,-0.76869573210759,0.0778062184149341,Nikola Mirotic,MIL,F
2.312262691219425,-0.1759598672891125,-0.03062598606228657,2.6209980484328286,0.1217948820756553,0.43991494401115455,Evan Fournier,ORL,G-F
2.2019517494452296,-1.0158252743164726,-2.089547143472085,2.318904183691215,-0.013767293283260443,0.21874209660127036,Terrence Ross,ORL,G-F
2.2689532719682206,0.004148169412965146,0.9608761416126265,-0.7865374511688034,-0.7728236290671491,-0.8006388474134848,Dwyane Wade,MIA,G
-1.0816819821449541,3.9744557099251003,-0.863295838431442,1.1380030674421437,-1.1630389479320071,-1.0213404264254713,Serge Ibaka,TOR,C-F
-0.4303966447325726,2.5832545752196014,-0.5916659680706544,-1.3578202088565567,-1.5824554105896342,-0.43701343293450595,Marvin Bagley III,SAC,F
2.5640593928879993,-0.26664680597791807,1.882494049348759,-0.19320555074620344,-0.40914018354124043,0.5923020241073483,Emmanuel Mudiay,NYK,G
0.5272935756984012,1.1092375117536375,-0.2583473641949659,-1.475813028951136,-1.6229370457997032,0.614678041531192,Jabari Parker,WAS,F
3.7795570334549975,0.20219511441297594,0.9175727664704438,-0.003781376668819543,2.610326464068276,-0.5154729965162955,Kyle Lowry,TOR,G
-0.7886060630140959,1.6666538028017461,-0.8638069830084878,-1.2245713376425371,-1.2005669636506167,1.629310790894228,Bobby Portis,WAS,F
2.268870655984732,-0.3979164911718877,-0.07304184210845645,-0.1873960885856753,-0.1957402126664263,-0.5268133714068347,Bogdan Bogdanovic,SAC,G
-1.3161871113112746,3.9142137547998175,-0.4855869868352396,0.5327215135769738,-0.8830308514524845,-0.3074662826041037,Domantas Sabonis,IND,F
0.5821484711078788,0.31230394466259204,-1.9301795514493003,-0.4858740838148796,-1.568543146012143,0.4968694794598457,Marcus Morris Sr.,BOS,F
1.7533715974106951,0.02603396017352437,-1.6066914715735128,0.28657701873404134,-0.6216716730012134,-0.14131423028132944,Otto Porter Jr.,CHI,F
-1.3415197584589935,5.907393458688221,1.5297013190803932,0.9050856682649961,0.6343637933065537,-0.1435077601217909,Steven Adams,OKC,C
-0.8412452544140844,2.742391039122329,-1.1811052535343431,-2.0317479629036708,-1.4048435948526854,-0.22088661879611163,Jaren Jackson Jr.,MEM,F-C
2.417601950639287,-0.613884950096047,0.9389289561872839,0.37273021534140066,0.6217531167328171,-1.4238943369225998,Goran Dragic,MIA,G
1.2516215689895838,0.7913988135926922,-0.4269192087562655,-0.586742230436662,-1.4208373840013508,-1.7160223808523043,Rudy Gay,SAS,F
0.8071706172835295,-0.2589258238578733,-2.6261743419985004,2.308216341558723,1.1734168380247052,0.20055000028286962,Joe Harris,BKN,F-G
2.470343067330362,0.2851942350084579,1.9384740551234692,0.746670724888745,0.24623395227131595,1.5888503930123277,Caris LeVert,BKN,G
-2.247389823235753,3.4977891240583046,0.47030299910814216,-0.13910742164970105,0.15808522253820118,-0.4303108109708589,Enes Kanter,POR,C
0.048854386025991146,1.1996430903065844,-3.0019116145604556,-1.6252090568349957,0.6916849797443645,-0.06969178486590773,Jerami Grant,OKC,F
2.7843590004710315,0.12602259104220856,1.8834034779121167,-0.8152946472568484,-0.20161637044778902,-0.09259847732799481,Dennis Smith Jr.,NYK,G
0.34884405743491753,3.6675327443583443,-0.6377669085775439,0.7349383724474772,-1.8736729025086243,-0.057308369508512445,Al Horford,BOS,C-F
-0.22234143053659094,2.5538182647838816,0.5387626412863818,-0.7222620186399099,1.1998052980571228,-0.6367798074170905,Marc Gasol,TOR,C
1.2269059289176212,-1.0593315338112006,-1.0921936340352887,-0.09480287544209935,0.3261166087678364,-0.18087044400078497,Taurean Prince,ATL,F
-0.30100202432214984,0.15323832442039745,-1.6164666473608305,-2.9546436159573592,-2.115801092227198,1.8407808261439909,Carmelo Anthony,HOU,F
-1.325793835459842,3.6960674371307234,-1.5665851706871101,-0.1738892381032864,-0.9800855604258937,-0.04876410108879555,Myles Turner,IND,C-F
1.8077187111098347,0.18819598462780124,-2.8633889759142472,-1.1647973675513015,0.4333234518641056,0.17909452189717942,Robert Covington,MIN,F
0.5511574233753147,-0.5119556326335097,1.3574653718936394,0.09503279362675274,1.217061277785221,0.5994264918566949,Cedi Osman,CLE,F
0.980237445342769,-0.13428666749317672,-1.5546371782551314,-0.4855018678566446,-0.8069479474292208,0.834070701808703,Jaylen Brown,BOS,G
1.5813957740347404,-1.404384661243437,-0.7423896718683884,0.9894643076921968,0.68616090890322,0.8058603779940594,Gary Harris,DEN,G
0.44807531142478413,-0.8135881065448697,-0.8156170969946845,-0.7841583132306762,0.09637815015976464,-0.9680281661851207,Kevin Knox II,NYK,F
3.3363717909113872,0.03508892821047809,1.8770248130167622,0.8158000993069392,0.5297762614209937,0.3531288518214112,Ricky Rubio,UTA,G
0.5882455496847866,1.3457709451426225,0.7620274390577239,-0.9892025599537418,1.6984351140873557,1.807830741849602,Thaddeus Young,IND,F
0.5951891213199928,2.0522558504845305,-1.0879833282993678,-0.7891768623627954,-0.2779889877225544,-0.18810540225978636,Paul Millsap,DEN,F
2.0957300131973104,0.15675436603448292,0.3332565619631434,-0.5071409222285349,0.14512753664817718,-0.04159243952846566,Justise Winslow,MIA,F-G
1.769913072304677,-0.6262558184733594,-1.661008534668207,-2.404362825073364,-0.1296108851692381,3.118529297014188,Trevor Ariza,WAS,F
-0.21124317315620672,3.1463093960696416,-3.213700813969484,1.3454272329386567,-0.3342435088297486,-0.4123468218529454,Brook Lopez,MIL,C
-3.1529883582156937,3.9650399833357253,0.1984316086345264,0.15469439557720652,-0.5970190045379017,-0.527741869190758,Hassan Whiteside,MIA,C
0.06621694483773946,0.9124493005982185,-2.0957694468249803,-1.6522970758052913,-0.30332768513528885,-0.8149228322458675,Jeff Green,WAS,F
1.2096427600898818,-0.9702036370285647,-1.184622206613716,1.1007508312389174,1.2546448958175362,0.807661169155636,Wesley Matthews,IND,G-F
2.842382700215832,-0.7005870642008091,2.9834918932179844,-1.6848527671407083,-0.1725549426907966,1.9089439895498184,Jeff Teague,MIN,G
2.8717656339599684,-0.8967291013884081,0.2147471365957438,1.5833750095252432,0.536593798038241,0.22058653091234814,Joe Ingles,UTA,F
1.7578562768490014,-1.2893642751176846,-0.9990965049091499,0.10226183082919954,-0.5366416906432862,-0.9590812537075617,Dion Waiters,MIA,G
-2.866108758182068,4.223954942360014,0.10965907450758221,0.2393218335006581,-0.09868309281516241,-0.6340290665899694,JaVale McGee,LAL,C
0.783625270700555,-0.6466294958635506,-1.2117779782718063,2.405816441617189,-0.38763707202502157,-0.798737309121879,E'Twaun Moore,NOP,G
-0.626791873855509,3.054141687496673,-0.7944614227796876,-0.5438809207627541,0.3742293186635225,-1.4075274521257173,Willie Cauley-Stein,SAC,C
-0.16316389467102513,-0.8900962776662081,-2.463727476988712,0.4720132510859031,0.4858224617460573,-0.9499333311673517,Jae Crowder,UTA,F
-2.3327065219739356,3.1692242669705655,-0.7606509379763021,0.24750586237536065,-0.9103314592776245,1.7394361496673756,Derrick Favors,UTA,F-C
1.317126852293894,-1.4761677822564332,-1.1023612090445407,1.372913945902349,-0.9855906497763165,0.7396319069131552,Bryn Forbes,SAS,G
2.6089838460270127,-1.3630158151657061,1.182047799417746,0.9977221787450068,-0.1216295940692157,0.8579433505296309,D.J. Augustin,ORL,G
1.138061757503966,-0.6913717433797285,-0.08678784732935535,-0.49363275319893074,1.1528198428687253,-0.22083474041194875,Kent Bazemore,ATL,G
0.5031940304343845,-0.3565070900323247,0.4913501866015654,-1.5023262363298429,0.712390778629488,-0.8894598281250512,Josh Jackson,PHX,F
0.9606305174394327,-0.6622371399214629,0.3188700311025671,0.6451328816406809,-0.21476954155813582,1.1148096029955363,Will Barton,DEN,G
0.5265071126177597,-0.23247081042936246,-0.2871858862892104,0.7470594234391176,-1.4285093327098153,0.8840102519892838,Gordon Hayward,BOS,F
0.9943185351603221,-1.363193269307851,-2.3677053078627988,0.502030857956292,0.21567531706543866,0.3419664257296068,Kentavious Caldwell-Pope,LAL,G
0.7133453149485894,-1.4854555909487006,-2.3208481804791012,1.0299453629886972,0.24127916775164812,-0.9204060970215763,Malik Beasley,DEN,G
0.5012263295409511,-1.4892293774949312,-2.0973901950853318,1.9781306429784293,1.1581714215841752,0.499886679204225,Reggie Bullock,LAL,G-F
2.8180639671892624,0.23606226615069736,2.2899303014543353,-1.2556816095957277,-1.2250148805440084,0.5684199646309237,Kris Dunn,CHI,G
3.3932869284842697,-1.0919594770065193,0.7015080109117915,-0.8173206556490794,0.42324597491133314,-0.13405929886603216,Darren Collison,IND,G
0.33774208699427294,-1.358911604385417,-0.01437729576336274,-0.22946810920234162,-0.9937020053358089,-0.8388303850381716,Rodney Hood,POR,G
-0.19366729986599449,-0.8856333054819499,-1.8157908340262068,-0.9437238095494141,0.3853998474710058,0.1623834287724249,DeMarre Carroll,BKN,F
-2.1804802856219774,2.088609910698217,-0.7648879482267816,0.37194833235138464,0.405683448471669,-1.0044079572854614,Alex Len,ATL,C
-3.1987276374932754,4.033131745754788,2.5792632685928045,0.4588961375124329,1.668772804633096,-0.035373454296595296,DeAndre Jordan,NYK,C
2.463737929176096,-1.0196573848052952,0.5048813619610122,0.930092150626126,-0.2868706587888592,0.34616385273989286,Fred VanVleet,TOR,G
-2.012471191142849,4.51741716959985,1.9347955708468993,0.5676221954627614,-0.03587706890106292,-0.6800422501268557,Tristan Thompson,CLE,C-F
2.134010519689634,-1.5100235367167716,2.99769834109981,0.6672673536692396,0.06728431018408958,-0.041241829779035365,J.J. Barea,DAL,G
-3.3728603590965753,5.2015757565891105,0.7701055723591571,2.3253461254326298,1.399995715404365,0.826322901916114,Jarrett Allen,BKN,C
1.0625697228312652,-1.4241582948992175,0.5509004573565839,0.43275947515224333,-0.7716176286152169,-0.12638166496756115,Trey Burke,DAL,G
1.1212184767005322,-0.9347462134587109,0.3301799720398106,-0.12809909917888915,0.19012788342071313,0.07506058050722306,Tyler Johnson,PHX,G
0.2579864740118565,-1.2310005237767718,0.7336503906418929,-0.29478605101807087,-0.0005970961344902913,-0.8799072869705578,Allonzo Trier,NYK,G
1.0560647305442001,-0.1614805127747097,1.2997054702008832,0.7182772303752364,-1.1400272688412778,0.0998770739472843,Shai Gilgeous-Alexander,LAC,G
-1.0643381295068566,2.35186035558029,-1.0573057939551238,0.2044963511280316,0.5361455882720491,1.1517452458848574,Dewayne Dedmon,ATL,C
-1.1834638877094168,2.0133096012763017,-0.7493955582975534,-1.0156749218600372,-1.286041866198294,0.10087212493897885,Taj Gibson,MIN,F
1.16491245528729,-1.8007466927589295,-1.2650704355397213,0.5581498975938878,1.3156184733375318,-0.38217993543207696,Damyean Dotson,NYK,G
2.4759919532612016,0.1551353339676961,2.4126502928782436,-0.12201900036352921,-0.6050527923201326,-1.8299756014999387,Elfrid Payton,NOP,G
-0.5186046805052467,0.5161964807228046,-2.0735519761874586,-0.9667236203500087,-0.03528341969570697,0.6925500136348566,Dario Saric,MIN,F
-1.4896606379117787,2.4288930412875267,-1.437468812552296,0.3052267107420223,0.5976408783190271,1.0370854180257316,Dwight Powell,DAL,F-C
-2.31833228568664,2.9589409825296578,-1.326425045667016,0.7878213280507335,-0.5382078758526629,-0.5214358998138412,Thomas Bryant,WAS,C
0.7655401708319979,-2.1041467536839944,-1.263478848986021,1.8912759558586938,-0.21549168911471617,-0.12364093096047955,Marco Belinelli,SAS,G-F
1.2365690797577484,-0.9570098092583856,-1.5114591267487498,-0.09299521983087117,1.2408812389519608,0.14304956878360817,Justin Holiday,MEM,F-G
-2.063188070140944,1.2866383611696985,-0.06682755985144373,0.38419999383615616,1.2486876204880735,-0.8364010554717165,Kenneth Faried,HOU,F-C
1.8145408859498984,-1.2351650192349124,0.11004622853202181,0.7229532816644876,-1.040320597323028,0.8901965776390717,Monte Morris,DEN,G
-2.0806134428900984,3.425350248513531,0.867915598045244,0.8413664283509492,-0.12514127670307806,-0.4601829870132443,Wendell Carter Jr.,CHI,C
0.30537359422523086,-1.9155946146887748,-2.0119223971416638,3.065893486419993,0.15608079237822756,-0.9662125619240333,Wayne Ellington,DET,G
1.5765153344355873,-0.42038391489881527,-3.007239761775972,0.41786540898199,0.537472174621359,0.03865291477840415,Danny Green,TOR,G-F
0.9545480833804325,-1.4941035153761064,1.2312460275621484,-0.6994135184718345,0.17175988637076503,0.6922591235885645,Tyreke Evans,IND,G
-2.114383868838688,3.7170389359777762,0.30330484425539445,0.6399623294380302,0.44268150274103146,1.4650152975719368,Cody Zeller,CHA,C
-0.39644973782676185,0.45427617403457926,-2.9735307698378297,-1.2343056475655525,-0.8306757677201579,-0.1511391963282367,Marvin Williams,CHA,F
-0.3503359507382514,0.5755275630693317,-1.4833732741113137,-0.755610475512877,-0.029316265784196795,0.6692687632310228,Kelly Olynyk,MIA,F
1.279590124116037,-1.3119741910077967,0.81403116778338,-0.9856658346913924,0.3799214294242654,-1.0915741796870602,Kadeem Allen,NYK,G
1.5243944087986803,-1.356827148163567,0.08763685728986466,1.1981056657014069,0.3157070136058665,1.1733447218624853,Avery Bradley,MEM,G
1.9764845750082116,0.39098440051630323,0.6647432656652977,1.1738202680088285,-0.38176867103139495,0.1517705592790497,Derrick White,SAS,G
2.149930913111986,0.06772932596261201,0.5939454970595756,-0.9274286668225331,0.36927898567541373,0.2905079522247493,Lonzo Ball,LAL,G
1.733352953833442,-1.7428525251495872,-0.32411290921574654,1.1464935661199902,0.46727562795383065,0.16462037983799652,Patty Mills,SAS,G
0.6029608020689708,-1.6756333333740752,-0.5116389362009048,1.6429920657006813,-1.0284962443000423,1.0892630997133619,Luke Kennard,DET,G
1.4050893465802685,-0.9651163673101347,-0.19986506805359294,0.6434676497835832,-0.2228983629819388,0.9758930401573555,Kevin Huerter,ATL,G
-0.2813214500098301,1.015028371564356,-1.8552506706240355,-0.030467910664598436,-0.28877153700889246,1.2505277063760167,Nemanja Bjelica,SAC,F
-0.1811833158245538,-2.3138375090952588,-1.3096118478797831,2.3690792603578075,1.8704904746287447,-0.21800739779314685,Allen Crabbe,BKN,G-F
-0.5976427546201707,0.6826653415865841,-1.6132967886096798,-0.6265578242516436,0.27159956703868426,0.05665063598883605,Jonathan Isaac,ORL,F
0.8162548631913522,-1.166974427703816,1.872634871097989,-0.44365136895196977,0.31335125832876914,0.6137732720119841,Jeremy Lin,TOR,G
-2.8416170725719647,2.7842254660387433,1.0472360236208307,0.6949116526211307,-1.2611590760991065,-0.16346983360588216,Robin Lopez,CHI,C
0.6526705294401993,-1.9380345997949637,3.3165991767938823,0.7621705531844442,-1.2164942644653047,-1.052962266688161,Tony Parker,CHA,G
0.7884225652224228,-1.7271664987705613,1.6552267857641298,0.6807995774528189,-0.0064768783909148675,0.4267985162896143,Shabazz Napier,BKN,G
-1.3872254889934226,0.1864407886841208,-0.43828298959764506,-0.393776691435056,-0.5974637439960491,-1.3030014511840473,Markieff Morris,OKC,F
-1.4782896183823606,-0.28377048092133006,-0.8561778651686478,-1.066924161299033,-0.0018397255683309164,-1.4431866308869803,JaMychal Green,LAC,F
-0.3974534543767854,-0.8838827016215881,-3.472938822570269,-0.3541165136575724,-1.6137755620389613,1.1267592657322625,Danuel House Jr.,HOU,F-G
-0.06941390690894698,0.45376475400426924,-2.294435763697293,-0.7660707599286058,0.06340174135784916,0.09123670508739021,Al-Farouq Aminu,POR,F
-0.9013030992201803,2.766769045209324,0.24588445643073759,-0.6967032451880484,-0.14004900167203732,0.9729741961221119,Larry Nance Jr.,CLE,F
0.7829793100662545,-0.23562086442623978,-0.6321730117501412,-0.022821317347849424,-1.2177102754246263,1.9253707242509794,Nicolas Batum,CHA,F-G
1.1597573664665901,-0.9441473469694408,0.7945959537531692,0.28503205909319046,-0.06122493741282309,0.21803604364117804,Jalen Brunson,DAL,G
-0.8121981616052945,-1.4508304959263374,-3.1574617864607797,0.3855409798287858,-0.7326401546479969,-0.3359793617961913,Gerald Green,HOU,G-F
2.6971486217296854,-0.6945984400469357,3.124250717212671,-1.9992138799968493,0.102429910582185,1.3532884583360194,Rajon Rondo,LAL,G
1.096191827866853,-1.0921545620268318,0.8744747344741665,-0.6423218593889876,0.08265221944567892,1.4423661797137661,Alex Caruso,LAL,G
-0.0047792324197721645,-1.8360250882494276,-1.9416087428055042,2.8325092354716683,0.6166764706513802,0.5317644607460753,Landry Shamet,LAC,G
1.2307737263623897,-1.6062713103047639,0.2781215646641289,0.6817446837841228,0.3362906960113461,0.035265298358098614,Terry Rozier,BOS,G
1.0308126488657103,-1.2151176840398474,2.024076042781152,0.9875013369659512,-0.04869640635797035,-0.8119207734593157,Ish Smith,DET,G
0.014041616311651557,-1.932567773666077,-0.24051996162485537,0.3714304666356689,0.8296078070775202,-1.650771181100102,Malik Monk,CHA,G
-1.5040837652707761,0.6271159385227022,0.7759392306098525,-1.1882275678466687,-0.10631787490751356,-0.7140855006711113,Rondae Hollis-Jefferson,BKN,F
-3.8757986617792164,3.3053936045387418,1.9812741308953659,0.6763498322615628,1.0476657269580572,-1.1596183909173507,Ivica Zubac,LAC,C
-2.00210434204204,2.582421584512716,1.2408877081219634,0.6061746941499278,0.0025428056946392415,-0.4757663813489205,Bam Adebayo,MIA,C-F
1.2389104301728442,-0.08766051107428645,-0.07406157402590435,-0.7470303114392379,-0.9889158446259431,-0.9980302123749379,Tomas Satoransky,WAS,G-F
2.4050892709201124,-0.5962368470305952,-0.3276608458719935,-1.2637346875829363,0.829160246854402,0.87702609251029,Marcus Smart,BOS,G
0.13535652184533195,-0.5902844596046715,0.9058363838694897,-1.1188692140030094,-0.30184454615985723,-0.9842870170431243,Mario Hezonja,NYK,F
-0.9475272362848862,-1.3405852237820386,1.1679256798641429,-0.26650696269034935,0.34041770673318533,1.7617259919368657,Alec Burks,SAC,G
0.9633962654015478,-0.5775649830162457,1.0509049306467457,-0.49596853818913944,-0.21926758129870805,0.9784351021615809,Delon Wright,MEM,G
-1.8331193080962074,0.6651940471656111,-1.1907852918313082,-1.1420350598844118,-0.10714661735442281,-1.1755581810517717,Frank Kaminsky,CHA,F-C
-0.21998771959290203,-1.5748760220896518,-0.9229996482040862,0.9815899875778848,-1.2345360845044118,1.1828701814570448,Norman Powell,TOR,F-G
-0.12294430237569175,-1.8200138078194072,-2.468618969550189,2.0862849183675536,0.8955657039629346,0.02192264258514834,Kyle Korver,UTA,G-F
-1.2269867613735954,-0.07853502017240616,-0.47143029102569145,-0.3810255710054581,-0.9846427444438609,-0.708756901687854,Trey Lyles,DEN,F
-1.0966896711377396,-0.43781267709859195,-1.0663444210423707,-0.5278257951988278,0.10550950995831683,0.4737805489911424,Rodions Kurucs,BKN,F
-0.1318027199099429,-2.1413201979765604,-1.8035779238913314,1.9767393928656762,0.27517502334855826,0.9539681406736301,Langston Galloway,DET,G
-1.1181675695466076,1.723763341661057,0.279861588912748,-1.1825022354522707,-0.9136882800987107,-0.40031263024745356,Noah Vonleh,NYK,F
0.5588190120992138,-0.41650537726628856,0.8945999243359118,-0.5580631495742266,0.6524908728055567,-0.8156270476694194,DeAndre' Bembry,ATL,F
0.5636643424470624,-0.39469339210255144,-1.8171729026158945,-0.7490959671298865,-0.0983327064943981,1.2079665832900661,Mikal Bridges,PHX,F
-1.1903487403698176,-1.03184963557708,-2.165551602789473,-1.073090322534262,-1.0379799439654482,-0.2769474966076304,Bruno Caboclo,MEM,F
0.4304223288880275,-1.5748099010982346,-1.4336053057440539,0.7958044327836896,-0.06712060662662502,-0.5435787801733661,Darius Miller,NOP,F
-3.0863650602334514,2.3661610610495543,0.8242550672732819,0.19979825896604206,-1.3316389594651146,-1.2684823013427018,Jahlil Okafor,NOP,C
-3.4075963511507146,2.639954441778171,1.382420334964663,0.10731619216096194,0.10001226098125585,0.5653102208313143,Richaun Holmes,PHX,F-C
-0.44511582515762993,-1.132333885879441,2.736538383158152,1.600538398034663,0.10483083626497607,1.0212239157791019,Markelle Fultz,ORL,G
0.1261140030528818,-1.3546359006011215,0.7182729808738564,-0.23273965487472995,-0.4702045404556456,-0.2382384124571173,Austin Rivers,HOU,G
-0.58517969763784,-1.4832875358975754,-0.5787837888067279,0.4860691201217652,-0.025324774194136757,-0.06008904926423991,Frank Jackson,NOP,G
-0.9845469514363099,-3.215692381402446,2.340925053658007,1.6526433980320616,-0.4351818979070744,-0.6918976724413106,Isaiah Thomas,DEN,G
0.7411981120847072,0.4954672964109954,1.0572126684826926,0.2606365891004018,-0.56396676858148,-1.3453520271465444,Kyle Anderson,MEM,F
-0.43160812987834163,-0.8922719717374867,-3.1685778818473147,0.06518692815306164,-0.5775937935462897,0.2156910753368744,Davis Bertans,SAS,F
0.5386946992769827,-2.6188450947205357,2.8919558269968464,-0.20178417012675728,-1.1498569637187392,1.0906215872434715,Jamal Crawford,PHX,G
0.24892805234343499,-2.6201693374978507,-0.21167067979528614,2.374565611605704,-0.4284921479817928,0.045574715776104516,Seth Curry,POR,G
0.10107680261272428,-0.5318402698918878,-1.6928366619103001,0.220173569906749,0.9745001988933354,0.16896379576496345,Josh Hart,LAL,G
0.45267477374128634,-1.2426268715243627,-0.4387023280722347,-0.11130090597576535,0.12133907058501282,-0.06377777655762057,Garrett Temple,LAC,G-F
0.012095142087693288,-0.42911052743102807,-0.13292601271488333,-1.8564293872014945,-0.38469206000028106,0.061427599877966366,James Johnson,MIA,F
-3.658708969342371,2.464464099893469,1.9438975824080413,0.7952131429458997,0.2403685266536195,-1.1541338967177261,Ante Zizic,CLE,C
-1.7431920001293404,2.403689453459353,1.3179583583203474,-0.8296195744819488,-0.303528608698217,-0.07630974606904112,Mason Plumlee,DEN,F-C
0.38774828763679986,-0.9897162583443082,-0.45946000244978125,-0.9937797634619037,1.970123363427064,-0.8711124653974522,Josh Okogie,MIN,G
-0.8403699392214772,0.33979156838918156,-1.051130501533149,-0.5231789879943124,0.21938350386890496,0.21384795560528796,Maurice Harkless,POR,F
1.1902228907295194,-1.0501517763733865,0.2351410574445609,-0.27729977010591733,0.632485498416075,0.36664580887908865,Patrick Beverley,LAC,G
0.6446119692739185,-1.1495341675611261,0.1551409567030628,1.334641451388845,-0.9718667559585253,-0.0252097170633504,George Hill,MIL,G
-0.7180255527675244,-1.3948399970877823,1.3400475168099653,1.5822978824769838,0.25848105198366655,0.9451537730232679,Rodney McGruder,LAC,F-G
-1.6380391485811223,-0.8733784491853787,-1.4607338723071286,1.033030353947906,-0.11619809892366229,0.4772467220478014,Jake Layman,POR,F
0.44862113163302453,-1.3809767034125149,2.4427286373649744,0.37405634439092716,0.7012593464683239,-0.590684806116539,Shelvin Mack,CHA,G
-0.7748984133522269,-0.23551692436102567,-0.8294371597751268,0.41280111772419303,0.3666133472903748,0.5981756376901295,Dorian Finney-Smith,DAL,F
-0.8256364542535353,-2.000750384664945,-0.6654339662992587,-0.5217194335878355,-0.45869063374326036,1.439484661044329,Dillon Brooks,MEM,G-F
-0.08309878324236111,-1.9581318270142216,-1.2363081301553034,-1.8509211256808882,0.07116303956014325,0.7488527398547107,Iman Shumpert,HOU,G
-0.9130568616564645,-2.441696141255765,0.5356410588464993,-1.0558703690056706,-1.4730679974465721,2.1933946894834846,Chandler Parsons,MEM,F
-0.8502121811028087,-0.20859984084198394,-1.1162654440774327,-0.4310694308764602,0.010734928398941093,-0.4041856938534764,Miles Bridges,CHA,F
-0.6666389912200159,-1.5330405120561768,-1.3295944105421418,-1.3263415029301204,0.22444271082453768,-2.5444182272534963,Vince Carter,ATL,F-G
1.7131511871588667,1.9362479722005665,0.6953538870599584,-2.2913680577205082,0.7226825745080544,-0.12363524100819201,Draymond Green,GSW,F
-0.2592466361042907,-1.577683292449587,-1.332673687450429,0.2441133248368131,-0.13757083752340651,0.06325266068287182,Dwayne Bacon,CHA,G-F
-3.2968400307826817,3.3967448442257493,1.351499441087699,0.8204538974836864,-0.03683740430371189,0.23142665694968656,Mitchell Robinson,NYK,C
-0.3903743714410297,-2.0062843988814056,-0.05773945434502681,-0.11180142784361236,-0.7011904273935543,-3.517766272903109,Antonio Blakeney,CHI,G
-0.18668131525549136,-0.2042135206884261,-1.3083376756514276,-1.6852912651239484,2.727284774331326,0.5199319059390403,P.J. Tucker,HOU,F
-1.5026836956735954,-1.839352893316678,-2.241826038705038,2.3430697676518157,-0.6469922233573366,1.0481552677813577,Doug McDermott,IND,F
-1.5865887988832097,-0.9943345089087108,-0.999991958650473,-0.3233229911425219,-0.7490791861090496,-0.43159454771541,Dirk Nowitzki,DAL,F
-3.023787254039339,1.319834085249936,0.9991677149728051,0.33369291957762426,-0.33989910404956153,0.7186685048105641,Willy Hernangomez,CHA,C
0.21445229713412536,-1.9785840068256446,0.7243056873499436,-1.0491561883931826,0.12952662235035614,-0.05162531181742049,Lance Stephenson,LAL,G
-0.8237856192375372,-1.2845522940744238,-2.2212572419545222,0.8219499124152659,-0.5317758528737537,-0.586907411202979,Justin Jackson,DAL,F
-1.9260661337777063,-0.711450713949113,-1.3077131234233337,-0.3649785597764731,-1.7815745610850113,-1.0576586858719248,Luol Deng,MIN,F
-2.3076923251349672,1.3968126030729007,1.175312638398949,-1.8257218020666541,1.061885984600406,-1.27021718808373,Joakim Noah,MEM,C
-2.337393570010769,1.2299569864436295,2.3335601023270525,-0.4410071341032322,-1.1955599019552572,0.3477442317553028,Harry Giles III,SAC,F-C
-1.4667407728660562,-0.23918538153686467,-0.5787062159577703,0.3775143157088117,0.34041039330320316,0.8222107752897544,Derrick Jones Jr.,MIA,F-G
-1.8869018206271702,-0.5296880990081887,-0.815335371515503,-0.5270101932574959,-1.3243372545552774,-0.6969601164898224,Mike Muscala,LAL,F-C
-1.6333241648386332,0.36983507728203086,-1.645586648991131,-0.626405558339757,0.29411204407426067,1.9966800731291354,Luke Kornet,NYK,F-C
-1.0548902242199856,-1.080778603056249,-0.8574778143315868,-0.4729419174185632,-0.0689825166687842,0.5418394489655589,OG Anunoby,TOR,F
-0.5963842765733067,-1.3769561786029756,-2.372263192823921,-0.7862631438915647,0.3708439883999609,-0.11552480676724966,Terrance Ferguson,OKC,G
0.0691025223587821,-0.6198350283660793,-1.889707235848025,2.0199200620337687,-0.672259747631224,0.09857475500063731,Pat Connaughton,MIL,G
2.118201156055906,-1.7918117674369716,1.9981983208841345,0.013138846508653355,-0.40521479750385225,-0.4302268411138547,Tyus Jones,MIN,G
-0.9468616947875813,-1.7699022770461506,1.5098510180631537,-0.68518874611302,-1.754174998971921,-1.0687848073656907,Stanley Johnson,NOP,F
-0.10584592529306922,-2.185876227472051,-0.36364467567782616,1.1723527107988185,-1.4525635833473867,-1.2190317329615719,Quinn Cook,GSW,G
-0.4890758029984685,-1.854059781266597,2.7705948791697184,0.3326003841968357,-0.3241067393778992,-0.010587480466154386,Dante Exum,UTA,G
-0.6296757266863,-2.232337401944602,0.25080877555626707,-0.8291455345454192,-0.6886477366060254,-0.032845348033460946,Wayne Selden,CHI,G-F
-1.992932030814116,0.5224083114721401,-1.602682177375327,-0.20426936811672264,-0.5904789831830694,1.1726747850269978,Maxi Kleber,DAL,F
-0.09378653355923659,-2.621920415503262,1.33714354076474,-0.0765912113846365,-0.5730559025552164,1.2598055719961543,Brandon Knight,CLE,G
0.19715692104833343,-0.14661124495621763,2.9648845248341473,0.8662821578160269,-0.955578786225191,-0.30816616379235995,Evan Turner,POR,G-F
-1.6544290822622352,-0.010846846914686317,-0.16620176184805688,-0.7745067900332556,6.167911950993073,0.3135945041488656,Ersan Ilyasova,MIL,F
0.6101114999671602,-2.7497556095219235,0.26160926684762925,0.8210967604968973,-0.9341061170521825,2.9778105052381223,JR Smith,CLE,G-F
0.44709501043985866,-1.7738655874700875,0.8434919382175976,-0.11535394965164922,-0.08650928418995384,-0.6720790557059245,Ryan Arcidiacono,CHI,G
-1.5994552523037382,-0.8182745696651543,-0.9519593183773465,-0.1120685328580365,-0.18873222580052565,0.7401288307550392,James Ennis III,PHI,F
-0.2897447248586673,-2.466848610577256,0.31268073380164385,1.3078659644553867,-0.43349577221668756,0.19465772740222556,Ian Clark,NOP,G
-1.86895604880609,-0.12454121075415132,-0.8973253303586032,-1.1271276101161405,-0.4193673679671584,1.1472738500350435,Michael Kidd-Gilchrist,CHA,F
-2.8312343937387077,1.0524559435783623,-0.6582169270630416,-1.0580751597728104,-1.0966110333653918,0.8349518439752919,Zach Collins,POR,F-C
-0.9361859702680388,-1.5487468006244391,0.42742243998431717,-1.1695920296813416,-0.76561803854982,-0.19059391352847943,MarShon Brooks,MEM,G
-0.9557936424799307,-0.8947750045032937,-0.5303031460309499,-1.7350276488743375,-0.3781643399872333,-1.2602456801095203,David Nwaba,CLE,G
1.45169949566833,-0.9609807670566447,1.2485420824085955,0.44291889884010216,-0.7604714732190705,0.5472697225647857,Cory Joseph,IND,G
-3.6218130890645974,0.794085761721564,0.6474791318181554,0.02514840633708048,1.2902842542145474,-0.8696207423302871,Johnathan Williams,LAL,F
-0.2597269128300398,-1.9494834606561784,1.987276229809911,-0.7252005208801122,-0.21984327960240843,0.6117999649468265,Jonathon Simmons,PHI,F
0.07065787331340828,-0.8439632663561338,0.9774843236241789,-0.5250932523445346,0.12896691133255958,0.3360537958332344,Shaquille Harrison,CHI,G
-0.0016005863534810075,-1.667707260108512,-0.7894374428131091,0.9276072354490317,-0.9869245545484148,0.28068120359592624,Sterling Brown,MIL,G
-1.0093314182538826,-3.054997786708733,-1.1140687232068407,0.965457118203572,1.4861769959821287,-2.4391855483734117,CJ Miles,MEM,F-G
-2.0792939425493846,0.9427025630159018,-0.11597010721605512,-0.22187310591120696,-0.7250744405594212,-0.10155735715821852,Gorgui Dieng,MIN,C
0.7838947720478875,-0.9649943354926238,2.268626864969822,2.038486263648973,-1.6496921309852948,0.3087813316127926,T.J. McConnell,PHI,G
-0.8159092057465318,-2.639249939467973,0.25844640848859274,0.045605949774406684,1.0664686973236774,1.4260376329482527,Devin Harris,DAL,G
-1.6467625336223228,-1.3443126769987066,-1.121632412863993,-0.5936671298424672,-0.18494944445298364,-0.23373828573674493,Jonas Jerebko,GSW,F
-2.105119305897594,-0.7958347862441753,-1.452670514799245,-0.8069409403043907,-0.28879716146398177,0.9202438126642164,Omri Casspi,MEM,F
-0.07101679054001034,-2.002781134402192,2.0214241408278233,-0.5051649194734511,-0.9007423300803616,0.30573205067439935,Cameron Payne,CLE,G
-2.240403062281518,2.068197343777305,0.7918744504588803,1.9485365546488334,0.15042375756896936,-0.09777557055365821,Kevon Looney,GSW,C-F
-1.1536130569775398,-2.8096976006270222,-0.818027358674544,1.7940963238701872,-0.6461579789485163,-0.7071058974165222,Troy Daniels,PHX,G
-3.213956725780353,1.8252397771796425,-0.2531848641409404,0.19445373800881025,-0.3310948645735686,-0.035057928521984826,Mo Bamba,ORL,C
-0.46486337858931254,-1.994738422748278,-0.6010923458888646,0.1377539869974559,-0.6328576663738035,-0.10984674003531412,Tyler Dorsey,MEM,G
0.7800015418580913,-2.70786893397758,1.9641245287471474,-0.7577731041005081,0.030206419215940746,-0.8970456829969938,Jerryd Bayless,MIN,G
-1.3395970137484778,-1.2788307038399456,-0.8813067390451266,-0.633015694864946,0.5838305301237081,-1.5019354873213318,Sam Dekker,WAS,F
-0.48969553206032457,-0.7940740554461454,-0.4713970556680155,-1.3101908825202764,2.20468464716714,0.6154668131355222,Kenrich Williams,NOP,G-F
-3.2508098661614797,0.8138123153979013,-0.6176648055075231,0.1790966536368879,-1.618435089024568,-0.13220863019731177,Cheick Diallo,NOP,F
-0.5333610586185952,-2.8511140709261515,2.4858155659724193,0.2499355692720573,0.4810834408259586,0.09181693501462583,Isaiah Canaan,MIL,G
-1.8657181562280596,-1.4840580728777943,-0.8939898467831736,-1.0100390035202407,0.10837329277947938,-0.8394953395148158,Henry Ellenson,NYK,F
-0.7369013591694462,-2.0444410835042834,-2.2102878686540666,1.4042046652476912,0.34314451382985733,-0.3545136090665883,Tony Snell,MIL,G
-1.0116370105818286,-1.4508128646887533,-0.3159493251105977,-0.010914700573975311,-0.32770115630905433,-0.37360656050563806,Wilson Chandler,LAC,F
-0.9846613831406978,-1.6998110514640012,-0.2884997423157415,-1.5414012592439439,-1.8406139767376515,-2.837943846738535,Jordan McRae,WAS,G
-0.010703497333152982,-2.529909749279081,0.5351108967494658,0.09300654102646878,-0.7051042413043039,0.16594629080221787,Yogi Ferrell,SAC,G
-1.5599552001670718,-1.078109883198904,-0.5381532185326976,-0.5758289071441656,0.2081145660855282,-0.1897473012907745,Omari Spellman,ATL,F
-0.34281524811160147,-2.3544750432274326,0.7867581661665828,0.5412754477008686,-0.6604486863687622,0.5093323001176183,Aaron Holiday,IND,G
-0.23057623112852244,-1.8802976130176403,2.6144747222040774,0.69002072828872,-1.1543035042903216,-0.8430943999552262,Matthew Dellavedova,CLE,G
-0.5106344200676558,-3.0038622572487124,0.1433846734993524,0.6205326381999224,0.3076313331523901,-0.9911222265621907,Nik Stauskas,CLE,G
-2.178379831449266,-0.20877851755947222,-1.0124321023970582,0.28518835079201454,-1.3189091105940691,1.8502638273285466,Meyers Leonard,POR,F-C
-1.4302165152967996,-0.5597074210858337,-0.8996829604011887,-0.7630686177721963,0.022800245140030113,0.15604476727630825,D.J. Wilson,MIL,F
-1.379495490024808,-0.8970913904717686,-1.3518798753809187,0.09274285084461545,0.9218163120316702,-1.0875297150661571,Juancho Hernangomez,DEN,F
-4.2052346729738606,2.5765727205591116,1.915910949368284,1.3101726309432096,1.6728161603015104,-0.3996025439878901,Ed Davis,BKN,C
-0.660268511706449,-1.8349383414689318,-1.2057970047512616,0.5359614705577767,0.32101719808059737,-1.2209565574819596,Furkan Korkmaz,PHI,G-F
-1.843851446661271,-1.7758920352993965,-0.8055484781385827,-0.16909033451664332,-0.44742948352528844,0.9765825856625281,Mike Scott,PHI,F
-2.310849749168972,0.8168808520459391,0.4535310365965133,-0.7255532600211995,-1.7984148201412704,0.006418856960710384,Ivan Rabb,MEM,F
-0.1113535082232875,-1.636536720425136,2.0202711553903314,-0.2525642123949696,-0.43911323501426225,1.1278703368217944,Elie Okobo,PHX,G
-0.9974752629930519,-1.0477472185075267,-0.800512624949637,-0.16311891132599668,-0.13568613019300155,0.05041612565605782,Torrey Craig,DEN,F
-0.38907829507012426,-1.939855469547194,2.382018214496568,-0.43702142711264,0.34370580604315903,-0.7551250851989749,Frank Ntilikina,NYK,G
-0.06005936540385491,-0.48117782010039867,-1.1226341857306663,-1.361535803752088,0.8911158284252728,0.13713102349597792,Andre Iguodala,GSW,F-G
-2.897437647519347,1.0261732708929716,-0.86699415452569,0.9145729085436303,0.10718218522488576,0.3027224289653761,Daniel Theis,BOS,F
-2.623538666525826,-0.018685186986160347,0.9541882995981331,0.7702795377823349,0.8920744900431731,-0.9707195422663116,John Henson,CLE,F
-3.2304851651325626,1.133829636382303,0.7444997393352354,0.04905825687837089,2.050567823975407,-0.8729845389502111,Aron Baynes,BOS,C-F
-0.8353808084198516,-2.107507132467183,0.2699424129457595,-0.5375729727332583,0.09683039578008991,1.1419773179244732,Chasson Randle,WAS,G
-3.449621357239501,2.268553083889199,-0.005700895470533742,1.2379529323407725,-0.7783197563529934,-0.44194889547144245,Jakob Poeltl,SAS,C
-3.56174552441821,1.887062099910281,0.6892464139181804,2.9700726786467797,-3.5399906009898388,2.010795873703667,Damian Jones,GSW,C
-1.2943515711409097,-2.304299374005916,-1.9906723696791297,-0.3775079584521364,1.2028531753461686,2.7233914627023106,Alex Abrines,OKC,G
-0.16209585751493513,-1.700282875560624,1.6872924141984855,0.8853482846598476,-0.6180293131329133,-1.2436817373267959,Raul Neto,UTA,G
-1.8122045425532565,-2.056101089632795,-1.2561746727265928,-0.8887313303852801,-0.5490903993650351,-1.2273870032402021,Troy Williams,SAC,F
-1.5352039434949185,-1.9464757300928106,0.03695617262975843,-0.688517630926958,1.529302252838211,-0.31422307033319125,Treveon Graham,BKN,F
0.8234946285343829,-1.7765301470990746,2.1861444818113918,-0.9665946334649514,-0.364943071480332,-0.4307371831530792,Tim Frazier,MIL,G
-1.6772310101753598,-1.2688302230878044,-0.5138041839298636,-0.15752322317594591,-0.08806217736767971,1.0243084736101724,Chandler Hutchison,CHI,F
-0.8215618067088719,-1.6143266834399923,-0.8341302999415041,0.4324418912944356,-0.07435514153315877,-0.27285853029231594,Royce O'Neale,UTA,F
-2.935549300449464,-0.9952029885028074,-0.2710624192473225,0.1795152422177202,0.38452210688321214,0.9751789808840178,Alex Poythress,ATL,F
-2.1844770035846333,-1.8817973305087918,-0.20235398547288969,-0.21285802071555943,-0.9182846902094443,2.140168462699215,Brandon Sampson,CHI,G
-1.513292204117852,-2.0842368984600963,-1.0427456119384027,-2.558519283882727,0.6168669527472618,-1.3249787524892482,Jalen Jones,CLE,F
-2.9900513448863535,-0.8587171488942967,0.6130844710321087,-0.039437002438875136,0.772596564265103,-1.869686550439043,Thon Maker,DET,F
-1.8587254275538256,-1.0475760927070874,-0.8848545054186696,-0.01833419501625581,-0.34020373179814056,1.3615269622706796,Keita Bates-Diop,MIN,F
-2.3384730313459237,-2.3214168376414834,-1.7316172423751568,-1.5113684587225575,1.124687322939918,-1.5887260100170177,Anthony Tolliver,MIN,F
-1.337981392078793,-3.1720534606227493,-0.03953251647460832,-0.1556040349008869,-0.7780140259625742,0.4624018073572801,Cameron Reynolds,MIN,G
0.06711864100948936,-1.2057335109829415,1.9853767516806264,-1.8090870660817155,0.07808411771841964,-1.1261700424306025,De'Anthony Melton,PHX,G
-2.5540976618936178,1.1224795467147415,-0.7040093838142651,-1.748167054573129,-0.07778112897692867,0.5626870096340759,Dragan Bender,PHX,F
-1.0637228884093037,-1.9637412253266584,0.23565933135001954,0.016392890341259667,0.46420187567847687,-0.585342322118104,Wes Iwundu,ORL,F
-3.9457144449793446,1.865700768207743,3.2905137753572276,0.22113015471618416,0.9675679553496714,0.7930777254425843,Marcin Gortat,LAC,C
-3.8909243537830003,1.510177455437504,1.5323193547222633,0.12241185430382587,0.5988682969554673,-0.7665466149851128,Nerlens Noel,OKC,F-C
-0.7020818036942974,-1.8064706826497738,-0.5743671198964013,-1.6979084682846506,0.9155307838157007,1.2460273550320948,Corey Brewer,SAC,G-F
-1.7710609435637419,-1.2266115357127443,-0.44085276411613405,-0.7436553459829297,-0.32196637209829515,0.3944392914733536,Jared Dudley,BKN,F
-0.7800521497454472,-1.445841260257265,-0.358829581219212,1.0005499523765442,2.08766684167979,-0.006370380767454167,Donte DiVincenzo,MIL,G
-4.314890419756379,1.3923233353374107,2.018798381003378,1.0888001200850281,0.9807520878938143,-1.1571878934935675,Khem Birch,ORL,C
-0.8674938840403462,-1.817829656126209,2.3529489165748307,-0.0022032796596558437,-0.15167651172607566,1.0882410267403406,Michael Carter-Williams,ORL,G
-1.0924521766577477,-1.5879680109483678,0.2011032700193121,0.267473237535741,-0.21294157640853606,1.575709496104403,Troy Brown Jr.,WAS,F
0.23712564899212724,-2.6316470222174453,1.7180603414248883,-0.29823654677758715,0.28491944369250954,0.776695601376842,Devonte' Graham,CHA,G
-2.990640553738374,-0.16222153217964966,-1.2686842366229303,-1.4491618303406004,0.5133790352289392,0.2496432171444332,Jonah Bolden,PHI,F
-2.509503687966874,-1.6305313416510077,-1.1368193841830743,-0.8433439660094166,-0.28768124295185354,0.2751256303617518,Alfonzo McKinnie,GSW,F
-1.5197900736436498,-2.771173263189192,-1.6210624454910274,-0.4840657606714911,0.19622810735409807,-2.6943386481488196,John Jenkins,NYK,G
-1.6777828984163834,-2.555662443525749,-1.0147775038679705,-0.5227439159845706,1.836942306224513,-2.146521076468147,Timothe Luwawu-Cabarrot,CHI,G-F
-2.5614265535757896,-1.892186741009389,-0.4999212964537322,-1.2022056071879612,-1.4128955959191973,2.3257198976197975,Lance Thomas,NYK,F
-0.04070906333802655,-3.0796633926834525,2.2673722761093185,-0.599869127997462,0.362806104123287,-1.9493168235967588,Jevon Carter,MEM,G
-4.467532822703961,1.2708759438510129,2.377563954003156,1.4488346508076366,-0.08080750737655723,1.5612604735980276,Bismack Biyombo,CHA,C
-1.6644272849240331,-2.453286673249953,0.11357879492464086,-0.4492742447264128,-0.17543798436153107,-1.6715730338783696,Shake Milton,PHI,G
-1.6148437201585977,-1.7350738682745288,0.3365343030977618,-1.3562825285608437,0.6150026137569091,1.0090840404569121,Solomon Hill,NOP,F
-1.0948389727704617,-1.098070954175593,0.9212114616624225,0.06039757840401915,-0.20369947632242374,-0.05280731638724694,Bruce Brown,DET,G
-2.8442463453925697,-0.9763751983026056,-0.3721953916812851,-1.7574778328851197,1.4579945112485135,-1.3161783408776697,Jaron Blossomgame,CLE,F
-2.3170146672252443,-2.2209682110755153,-0.787875132951769,0.4765383465054564,-1.294116747047035,1.0499400902282774,Glenn Robinson III,DET,G-F
-0.3875666520647356,-2.039720253956769,1.245391626536346,-0.0490998688772073,-0.7382057746143551,0.11884602489860514,Jerian Grant,ORL,G
-3.6398383824133527,0.7210546166517663,1.2562184572501351,0.3028236666226781,2.081151883877246,-2.3226906590669043,Ian Mahinmi,WAS,C
-1.8653444723112387,-0.8518535276253211,2.2690000981722003,-0.726392007526342,-2.161298438301594,-0.579685716054734,Shaun Livingston,GSW,G
-1.380263662489329,-2.909089906374868,1.174389035662908,0.21347627531197336,-0.9844357590460417,-1.4288466651223082,Courtney Lee,DAL,G
-4.032961994280479,0.8529394069279208,2.2139995791611757,0.7811088605117888,0.02581459664046305,1.5843039060996247,Cristiano Felicio,CHI,F-C
-3.3388224630880536,-0.811841041206268,2.2696769718738,2.1631651697593206,-0.36150138834464324,1.066734615070197,Pau Gasol,MIL,C-F
-3.6229019542550414,0.2579818532065158,3.34288530235072,-1.1355000720553876,0.3660041783551709,1.558322613859808,Zaza Pachulia,DET,C
-2.4244057220863677,-2.278690425468023,-1.02181526744506,-0.14992715770583642,-2.1591413040736267,0.7332884754581959,Thabo Sefolosha,UTA,F
-2.173511416416575,-2.201000634827807,1.6940239817057177,-0.36512477006413013,-0.01874698655265007,-0.48757412523847116,Rawle Alkins,CHI,G
-2.34883461251206,-1.6579725513024437,-0.6103054323002517,-1.3657547369602114,-0.13499989245306165,-1.2812175186452974,Patrick Patterson,OKC,F
-3.2114026888814853,0.09473783677294038,0.6763773136726977,0.4596371741438379,0.395141881582287,-0.011238729630058852,Nene,HOU,C-F
-4.065331284108966,0.28934057504579724,4.6969368272417995,1.217841520456853,3.2419641475116525,-0.18269716019545068,Andrew Bogut,GSW,C
-0.7009175047052278,-2.3128451179074836,1.891246192050483,-0.8734798334358718,0.6806966931718818,1.887426962684027,Isaiah Briscoe,ORL,G
-2.216349553402766,-2.329767920455446,-0.6883508885448322,-1.3232123654612962,-0.5315920238616545,0.928592635467559,Wesley Johnson,WAS,F-G
-0.9816083149225827,-3.013569322299687,1.9341067767182851,-0.36555641722921894,1.316717788528008,-0.752434875680372,Jaylen Adams,ATL,G
-4.624898801269558,1.5658063083921077,2.372404850420075,0.006813831263564936,2.0530512838572488,-0.6077747300383941,Tyson Chandler,LAL,C
-1.5236611975147176,-1.8459977939609773,-0.7123595010072465,-0.8356092078760965,-0.1690396579987831,-1.5692518119810508,Dante Cunningham,SAS,F
-3.2633702619211418,-1.699468266203231,-1.9951680967535081,-1.302408407432175,-0.17069588665252683,-3.3340253301537066,Gary Clark,HOU,F
-0.9224004685445355,-4.369958670534706,0.5400567674034318,-0.9826815320151384,3.402917843574842,-0.2990456881926984,Dairis Bertans,NOP,G
-2.0557057588672754,-2.560080425539218,0.6951357747578407,-0.7584772675192452,-0.9723847190612381,-0.3929063904036623,Patrick McCaw,TOR,G
-3.016764902612727,-2.603272284183682,2.3060928734026462,-1.1829401150496361,1.7517831246344917,-0.32868175436795144,Ryan Anderson,MIA,F
-1.5932305375764404,-3.0710346236507213,3.0576774976619885,1.2059368607549752,-2.5921174802518014,-1.1345140242459195,Jose Calderon,DET,G
-2.551693640006693,-2.892488090659973,1.3416377674221573,-0.28253067444241425,-1.617641004523444,-1.5302504687494196,Julian Washburn,MEM,F-G
-3.6315725530427816,-0.7783111723633505,2.4648203711617698,0.26105994242833325,4.4254522436774275,3.539916664726994,Quincy Acy,PHX,F
