PLAYER,TEAM,POSITION,ISOLATION_FREQ,ISOLATION_FGM,ISOLATION_FG%,PNR_HANDLER_FREQ,PNR_HANDLER_FGM,PNR_HANDLER_FG%,PNR_ROLL_FREQ,PNR_ROLL_FGM,PNR_ROLL_FG%,TRANSITION_FREQ,TRANSITION_FGM,TRANSITION_FG%,POST_UP_FREQ,POST_UP_FGM,POST_UP_FG%,SPOT_UP_FREQ,SPOT_UP_FGM,SPOT_UP_FG%,HANDOFF_FREQ,HANDOFF_FGM,HANDOFF_FG%,CUT_FREQ,CUT_FGM,CUT_FG%,OFF_SCREEN_FREQ,OFF_SCREEN_FGM,OFF_SCREEN_FG%,PUTBACK_FREQ,PUTBACK_FGM,PUTBACK_FG%
James Harden,HOU,G,0.487,7.9,0.401,0.221,2.7,0.477,0.0,0.0,0.0,0.133,1.3,0.534,0.009,0.1,0.647,0.032,0.6,0.449,0.036,0.4,0.478,0.014,0.1,0.682,0.009,0.2,0.316,0.017,0.1,0.591
Paul George,OKC,F,0.134,1.9,0.368,0.245,2.7,0.449,0.014,0.3,0.241,0.206,2.3,0.482,0.036,0.3,0.556,0.117,1.5,0.465,0.054,0.7,0.404,0.019,0.1,0.72,0.098,1.3,0.419,0.0,0.0,0.0
Giannis Antetokounmpo,MIL,F,0.155,1.7,0.429,0.076,0.5,0.622,0.05,0.3,0.72,0.256,1.4,0.64,0.12,0.9,0.558,0.114,1.1,0.471,0.018,0.2,0.593,0.08,0.4,0.737,0.023,0.3,0.371,0.064,0.5,0.678
Joel Embiid,PHI,F-C,0.064,0.8,0.384,0.03,0.3,0.474,0.076,1.0,0.436,0.1,1.0,0.504,0.299,2.6,0.501,0.155,1.9,0.41,0.009,0.1,0.222,0.088,0.6,0.67,0.027,0.5,0.31,0.082,0.6,0.597
LeBron James,LAL,F,0.175,2.3,0.412,0.281,3.2,0.454,0.023,0.2,0.667,0.214,1.3,0.649,0.082,0.8,0.532,0.059,0.9,0.388,0.014,0.1,0.632,0.037,0.3,0.708,0.02,0.3,0.296,0.026,0.2,0.73
Stephen Curry,GSW,G,0.056,0.5,0.5,0.216,2.3,0.433,0.023,0.2,0.5,0.2,1.8,0.49,0.0,0.0,0.0,0.13,1.6,0.448,0.055,0.6,0.461,0.045,0.3,0.639,0.201,2.3,0.467,0.0,0.0,0.0
Kawhi Leonard,TOR,F,0.165,1.8,0.465,0.268,2.6,0.457,0.0,0.0,0.0,0.178,1.3,0.586,0.094,0.9,0.481,0.111,1.3,0.452,0.044,0.4,0.49,0.024,0.1,0.667,0.041,0.4,0.519,0.0,0.0,0.0
Devin Booker,PHX,G,0.125,1.4,0.397,0.345,3.5,0.457,0.0,0.0,0.0,0.197,1.8,0.541,0.04,0.4,0.528,0.068,1.0,0.384,0.049,0.5,0.417,0.028,0.2,0.762,0.088,1.3,0.412,0.008,0.1,0.5
Kevin Durant,GSW,F,0.156,1.6,0.462,0.19,1.9,0.46,0.021,0.2,0.516,0.211,1.4,0.585,0.106,0.9,0.503,0.088,0.8,0.542,0.037,0.3,0.519,0.04,0.2,0.789,0.089,0.9,0.518,0.0,0.0,0.0
Anthony Davis,NOP,F-C,0.077,0.8,0.453,0.014,0.2,0.4,0.141,1.5,0.471,0.13,0.9,0.616,0.183,1.9,0.432,0.118,1.4,0.448,0.014,0.1,0.385,0.098,0.5,0.725,0.055,0.7,0.394,0.0,0.0,0.0
Damian Lillard,POR,G,0.137,1.8,0.326,0.447,4.5,0.478,0.0,0.0,0.0,0.109,1.1,0.452,0.0,0.0,0.0,0.052,0.7,0.429,0.109,1.3,0.384,0.031,0.2,0.75,0.054,0.7,0.387,0.014,0.2,0.333
Kemba Walker,CHA,G,0.082,1.0,0.436,0.468,5.3,0.446,0.0,0.0,0.0,0.159,1.7,0.481,0.0,0.0,0.0,0.094,1.3,0.36,0.078,1.0,0.421,0.008,0.1,0.417,0.067,0.9,0.377,0.0,0.0,0.0
Bradley Beal,WAS,G,0.094,1.0,0.451,0.253,2.5,0.476,0.0,0.0,0.0,0.209,2.1,0.488,0.005,0.1,0.375,0.133,1.6,0.456,0.064,0.7,0.471,0.053,0.3,0.726,0.125,1.5,0.398,0.017,0.2,0.48
Blake Griffin,DET,F,0.13,1.6,0.387,0.187,1.9,0.431,0.063,0.7,0.443,0.081,0.5,0.61,0.264,2.3,0.486,0.104,1.2,0.432,0.023,0.2,0.541,0.027,0.2,0.667,0.013,0.2,0.409,0.039,0.4,0.273
Karl-Anthony Towns,MIN,C,0.084,0.9,0.4,0.0,0.0,0.0,0.142,1.3,0.524,0.069,0.5,0.558,0.302,2.3,0.541,0.143,1.6,0.421,0.0,0.0,0.0,0.041,0.2,0.741,0.033,0.3,0.469,0.094,0.5,0.698
Kyrie Irving,BOS,G,0.132,1.3,0.458,0.294,2.9,0.478,0.0,0.0,0.0,0.171,1.4,0.532,0.017,0.2,0.5,0.095,1.1,0.471,0.089,0.9,0.454,0.034,0.3,0.63,0.101,1.1,0.444,0.0,0.0,0.0
Donovan Mitchell,UTA,G,0.081,1.1,0.357,0.445,5.0,0.45,0.0,0.0,0.0,0.131,1.4,0.439,0.0,0.0,0.0,0.12,1.4,0.462,0.083,1.0,0.398,0.017,0.1,0.667,0.049,0.8,0.268,0.018,0.1,0.667
Zach LaVine,CHI,G,0.131,1.4,0.413,0.402,4.0,0.439,0.0,0.0,0.0,0.141,1.1,0.564,0.027,0.3,0.345,0.086,1.1,0.404,0.081,0.7,0.515,0.03,0.1,0.789,0.044,0.6,0.314,0.014,0.1,0.588
Russell Westbrook,OKC,G,0.18,2.7,0.348,0.247,2.7,0.442,0.0,0.0,0.0,0.255,2.3,0.502,0.099,1.3,0.361,0.098,1.6,0.354,0.017,0.2,0.393,0.015,0.1,0.708,0.008,0.1,0.25,0.0,0.0,0.0
Klay Thompson,GSW,G,0.046,0.5,0.431,0.04,0.3,0.561,0.011,0.1,0.333,0.182,1.4,0.549,0.052,0.4,0.535,0.134,1.6,0.387,0.071,0.8,0.396,0.075,0.5,0.612,0.342,3.6,0.438,0.0,0.0,0.0
Julius Randle,NOP,C-F,0.122,1.0,0.471,0.028,0.3,0.355,0.067,0.4,0.642,0.175,1.1,0.575,0.163,1.2,0.472,0.169,1.6,0.429,0.011,0.1,0.643,0.092,0.5,0.679,0.023,0.2,0.531,0.0,0.0,0.0
LaMarcus Aldridge,SAS,C-F,0.032,0.3,0.415,0.0,0.0,0.0,0.194,1.7,0.496,0.04,0.3,0.589,0.427,3.4,0.506,0.069,0.8,0.415,0.0,0.0,0.0,0.079,0.4,0.667,0.013,0.1,0.474,0.086,0.6,0.592
DeMar DeRozan,SAS,G,0.187,1.6,0.494,0.365,3.4,0.459,0.0,0.0,0.0,0.097,0.6,0.565,0.1,1.1,0.434,0.077,0.8,0.482,0.04,0.4,0.37,0.03,0.2,0.622,0.057,0.5,0.5,0.01,0.0,0.778
Luka Doncic,DAL,F-G,0.112,1.3,0.342,0.383,3.3,0.443,0.0,0.0,0.0,0.136,1.1,0.51,0.051,0.4,0.508,0.107,1.3,0.373,0.059,0.7,0.342,0.015,0.1,0.65,0.041,0.4,0.482,0.03,0.3,0.615
Jrue Holiday,NOP,G,0.115,1.3,0.375,0.359,3.4,0.454,0.0,0.0,0.0,0.164,1.3,0.534,0.018,0.2,0.389,0.114,1.3,0.421,0.085,0.8,0.432,0.037,0.1,0.826,0.037,0.3,0.463,0.022,0.1,0.636
D'Angelo Russell,BKN,G,0.108,1.4,0.376,0.499,5.2,0.44,0.0,0.0,0.0,0.113,1.1,0.439,0.011,0.1,0.421,0.117,1.5,0.42,0.055,0.5,0.487,0.015,0.1,0.615,0.031,0.4,0.353,0.0,0.0,0.0
Mike Conley,MEM,G,0.091,0.9,0.438,0.419,3.8,0.421,0.0,0.0,0.0,0.116,0.9,0.508,0.0,0.0,0.0,0.117,1.3,0.412,0.074,0.7,0.419,0.026,0.2,0.625,0.099,1.0,0.429,0.0,0.0,0.0
CJ McCollum,POR,G,0.113,1.2,0.434,0.287,2.7,0.453,0.0,0.0,0.0,0.138,1.2,0.503,0.0,0.0,0.0,0.15,1.7,0.416,0.117,1.2,0.454,0.041,0.2,0.706,0.1,1.0,0.477,0.021,0.2,0.44
Nikola Vucevic,ORL,C,0.02,0.2,0.552,0.0,0.0,0.0,0.205,1.6,0.542,0.038,0.3,0.544,0.269,2.2,0.494,0.169,2.0,0.371,0.0,0.0,0.0,0.117,0.7,0.657,0.025,0.3,0.429,0.089,0.8,0.457
John Wall,WAS,G,0.238,2.3,0.429,0.326,2.9,0.483,0.0,0.0,0.0,0.205,1.9,0.455,0.017,0.2,0.25,0.14,1.8,0.431,0.0,0.0,0.0,0.0,0.0,0.0,0.0,0.0,0.0,0.0,0.0,0.0
Buddy Hield,SAC,G,0.058,0.6,0.446,0.164,1.6,0.387,0.0,0.0,0.0,0.261,2.1,0.51,0.0,0.0,0.0,0.188,1.9,0.423,0.081,0.8,0.455,0.036,0.2,0.688,0.118,1.2,0.438,0.023,0.2,0.5
Nikola Jokic,DEN,C,0.042,0.4,0.389,0.042,0.3,0.477,0.141,1.4,0.457,0.057,0.4,0.517,0.254,1.9,0.524,0.125,1.4,0.383,0.007,0.1,0.3,0.084,0.4,0.714,0.057,0.5,0.526,0.084,0.4,0.689
Tobias Harris,PHI,F,0.093,0.8,0.432,0.188,1.4,0.473,0.0,0.0,0.0,0.19,1.4,0.466,0.068,0.5,0.5,0.182,1.7,0.439,0.056,0.3,0.591,0.058,0.3,0.704,0.06,0.7,0.357,0.032,0.3,0.528
Lou Williams,LAC,G,0.092,1.0,0.353,0.546,4.5,0.442,0.0,0.0,0.0,0.12,1.0,0.44,0.0,0.0,0.0,0.083,0.9,0.378,0.068,0.6,0.457,0.009,0.0,0.7,0.026,0.3,0.324,0.009,0.1,0.571
Danilo Gallinari,LAC,F,0.145,1.2,0.394,0.118,0.7,0.456,0.057,0.3,0.558,0.105,0.6,0.53,0.113,0.7,0.495,0.21,1.7,0.45,0.051,0.4,0.364,0.039,0.2,0.629,0.084,0.8,0.441,0.0,0.0,0.0
John Collins,ATL,F-C,0.023,0.3,0.143,0.0,0.0,0.0,0.189,1.1,0.583,0.112,0.5,0.656,0.106,0.7,0.534,0.171,1.5,0.388,0.01,0.1,0.556,0.164,0.8,0.667,0.0,0.0,0.0,0.106,0.6,0.652
Trae Young,ATL,G,0.09,0.8,0.362,0.456,4.2,0.403,0.0,0.0,0.0,0.193,1.7,0.455,0.0,0.0,0.0,0.087,0.9,0.47,0.081,0.8,0.384,0.008,0.1,0.583,0.026,0.3,0.297,0.006,0.1,0.444
Victor Oladipo,IND,G,0.129,1.3,0.365,0.376,3.6,0.418,0.0,0.0,0.0,0.199,1.6,0.478,0.0,0.0,0.0,0.098,1.0,0.455,0.065,0.7,0.4,0.0,0.0,0.0,0.079,0.9,0.38,0.0,0.0,0.0
Lauri Markkanen,CHI,F,0.062,0.7,0.277,0.042,0.4,0.382,0.166,1.5,0.461,0.1,0.7,0.477,0.096,0.9,0.37,0.288,2.8,0.41,0.047,0.4,0.432,0.042,0.2,0.704,0.067,0.8,0.304,0.062,0.3,0.667
Jimmy Butler,PHI,G-F,0.102,0.9,0.424,0.252,2.1,0.383,0.0,0.0,0.0,0.166,0.9,0.581,0.072,0.7,0.315,0.105,0.9,0.402,0.084,0.7,0.424,0.072,0.2,0.815,0.044,0.4,0.444,0.0,0.0,0.0
Kyle Kuzma,LAL,F,0.064,0.6,0.353,0.091,0.8,0.444,0.067,0.6,0.476,0.231,1.7,0.504,0.069,0.5,0.493,0.223,2.4,0.393,0.023,0.2,0.32,0.077,0.4,0.647,0.083,0.8,0.383,0.038,0.1,0.692
Khris Middleton,MIL,F,0.158,1.3,0.495,0.196,1.7,0.389,0.013,0.1,0.471,0.213,1.6,0.472,0.091,0.7,0.471,0.123,1.1,0.458,0.051,0.5,0.39,0.018,0.1,0.476,0.092,0.9,0.374,0.018,0.1,0.75
Brandon Ingram,LAL,F,0.142,1.0,0.527,0.255,2.0,0.424,0.0,0.0,0.0,0.188,0.9,0.634,0.09,0.5,0.576,0.13,1.4,0.342,0.037,0.3,0.481,0.053,0.2,0.791,0.046,0.4,0.378,0.0,0.0,0.0
Jamal Murray,DEN,G,0.078,0.9,0.343,0.306,2.8,0.412,0.02,0.1,0.739,0.128,1.0,0.454,0.0,0.0,0.0,0.112,1.1,0.444,0.154,1.3,0.451,0.052,0.3,0.703,0.071,0.7,0.4,0.017,0.1,0.4
Andrew Wiggins,MIN,F-G,0.082,0.8,0.396,0.265,2.8,0.366,0.0,0.0,0.0,0.14,1.1,0.519,0.08,0.8,0.396,0.164,2.0,0.339,0.101,1.0,0.402,0.054,0.3,0.647,0.036,0.4,0.357,0.029,0.3,0.5
Tim Hardaway Jr.,DAL,G,0.042,0.3,0.455,0.156,1.3,0.385,0.0,0.0,0.0,0.153,1.1,0.524,0.052,0.4,0.5,0.235,2.5,0.309,0.078,0.7,0.391,0.036,0.2,0.727,0.189,1.6,0.4,0.015,0.1,0.636
JJ Redick,PHI,G,0.0,0.0,0.0,0.1,0.8,0.458,0.027,0.2,0.481,0.137,1.1,0.447,0.0,0.0,0.0,0.156,1.4,0.371,0.324,2.5,0.449,0.038,0.2,0.59,0.153,1.2,0.429,0.0,0.0,0.0
Derrick Rose,MIN,G,0.125,0.9,0.5,0.432,3.3,0.495,0.0,0.0,0.0,0.168,1.0,0.563,0.0,0.0,0.0,0.121,1.4,0.327,0.043,0.3,0.548,0.039,0.3,0.567,0.024,0.2,0.524,0.0,0.0,0.0
T.J. Warren,PHX,F,0.059,0.4,0.471,0.162,1.2,0.475,0.0,0.0,0.0,0.225,1.3,0.597,0.024,0.2,0.308,0.312,2.7,0.407,0.025,0.2,0.5,0.055,0.4,0.556,0.056,0.5,0.432,0.0,0.0,0.0
Bojan Bogdanovic,IND,F,0.066,0.6,0.29,0.118,0.8,0.496,0.01,0.1,0.25,0.199,1.1,0.582,0.047,0.4,0.38,0.156,1.1,0.474,0.066,0.3,0.533,0.067,0.3,0.687,0.218,1.6,0.464,0.0,0.0,0.0
Andre Drummond,DET,C,0.026,0.2,0.385,0.0,0.0,0.0,0.148,0.8,0.588,0.099,0.4,0.677,0.185,1.4,0.446,0.037,0.4,0.222,0.0,0.0,0.0,0.156,0.8,0.632,0.0,0.0,0.0,0.192,1.4,0.552
De'Aaron Fox,SAC,G,0.097,1.0,0.355,0.406,3.2,0.436,0.0,0.0,0.0,0.281,1.8,0.53,0.0,0.0,0.0,0.082,0.7,0.437,0.033,0.3,0.364,0.013,0.1,0.667,0.015,0.1,0.45,0.012,0.0,0.857
Kevin Love,CLE,F-C,0.043,0.4,0.308,0.0,0.0,0.0,0.078,0.7,0.346,0.11,0.5,0.577,0.188,1.3,0.302,0.198,1.9,0.368,0.038,0.4,0.182,0.059,0.3,0.556,0.126,1.3,0.326,0.041,0.3,0.414
Pascal Siakam,TOR,F,0.099,0.6,0.479,0.053,0.2,0.591,0.07,0.4,0.491,0.257,0.9,0.693,0.121,0.7,0.552,0.207,1.6,0.447,0.026,0.2,0.286,0.059,0.3,0.623,0.01,0.1,0.5,0.027,0.3,0.433
Ben Simmons,PHI,G-F,0.05,0.3,0.489,0.125,0.7,0.556,0.012,0.1,0.563,0.261,1.2,0.612,0.186,1.3,0.438,0.029,0.2,0.531,0.008,0.1,0.3,0.151,0.7,0.689,0.0,0.0,0.0,0.053,0.4,0.533
Jordan Clarkson,CLE,G,0.135,1.2,0.4,0.306,2.4,0.45,0.0,0.0,0.0,0.122,0.8,0.574,0.019,0.2,0.409,0.14,1.4,0.382,0.095,0.8,0.394,0.036,0.2,0.628,0.072,0.7,0.413,0.025,0.1,0.625
Spencer Dinwiddie,BKN,G,0.225,1.6,0.462,0.374,2.2,0.47,0.0,0.0,0.0,0.127,0.8,0.467,0.0,0.0,0.0,0.146,1.4,0.384,0.036,0.3,0.313,0.0,0.0,0.0,0.029,0.3,0.346,0.009,0.1,0.333
Collin Sexton,CLE,G,0.119,1.2,0.322,0.397,3.5,0.402,0.0,0.0,0.0,0.167,1.3,0.512,0.0,0.0,0.0,0.145,1.3,0.459,0.054,0.4,0.459,0.024,0.1,0.607,0.017,0.2,0.409,0.028,0.1,0.727
Clint Capela,HOU,C,0.0,0.0,0.0,0.0,0.0,0.0,0.267,1.1,0.641,0.173,0.5,0.731,0.028,0.1,0.474,0.0,0.0,0.0,0.0,0.0,0.0,0.283,1.1,0.695,0.0,0.0,0.0,0.184,1.0,0.519
Montrezl Harrell,LAC,F-C,0.031,0.1,0.593,0.017,0.1,0.308,0.233,0.8,0.689,0.124,0.5,0.607,0.194,1.2,0.489,0.029,0.2,0.448,0.0,0.0,0.0,0.172,0.6,0.719,0.0,0.0,0.0,0.125,0.8,0.585
Josh Richardson,MIA,G-F,0.024,0.3,0.269,0.318,2.7,0.372,0.0,0.0,0.0,0.113,0.8,0.491,0.011,0.1,0.583,0.223,2.2,0.383,0.141,1.2,0.396,0.039,0.2,0.674,0.059,0.5,0.446,0.0,0.0,0.0
Harrison Barnes,SAC,F,0.088,0.6,0.414,0.088,0.6,0.357,0.032,0.3,0.333,0.194,0.9,0.6,0.191,1.0,0.451,0.233,1.6,0.459,0.0,0.0,0.0,0.029,0.1,0.667,0.05,0.4,0.286,0.032,0.1,0.714
Deandre Ayton,PHX,C,0.027,0.2,0.393,0.0,0.0,0.0,0.211,1.1,0.583,0.062,0.2,0.731,0.285,1.6,0.546,0.041,0.4,0.317,0.0,0.0,0.0,0.158,0.7,0.671,0.0,0.0,0.0,0.157,1.2,0.563
DeMarcus Cousins,GSW,C,0.034,0.2,0.4,0.0,0.0,0.0,0.088,0.7,0.343,0.141,0.4,0.708,0.219,1.3,0.487,0.243,2.5,0.282,0.0,0.0,0.0,0.124,0.4,0.682,0.02,0.1,0.5,0.0,0.0,0.0
Eric Gordon,HOU,G,0.073,0.6,0.443,0.171,1.3,0.388,0.017,0.1,0.375,0.206,1.7,0.398,0.0,0.0,0.0,0.324,2.8,0.422,0.072,0.6,0.368,0.028,0.1,0.818,0.071,0.7,0.324,0.0,0.0,0.0
Aaron Gordon,ORL,F,0.06,0.5,0.365,0.121,0.9,0.383,0.026,0.3,0.375,0.14,0.8,0.542,0.132,1.0,0.42,0.204,1.8,0.391,0.069,0.5,0.456,0.069,0.3,0.688,0.069,0.7,0.366,0.083,0.5,0.554
Eric Bledsoe,MIL,G,0.077,0.6,0.463,0.259,1.8,0.468,0.0,0.0,0.0,0.292,1.6,0.523,0.01,0.0,0.75,0.189,1.6,0.385,0.036,0.2,0.514,0.027,0.1,0.786,0.032,0.3,0.432,0.018,0.1,0.5
Rudy Gobert,UTA,C,0.0,0.0,0.0,0.0,0.0,0.0,0.253,0.7,0.709,0.076,0.1,0.78,0.07,0.2,0.55,0.021,0.1,0.5,0.0,0.0,0.0,0.264,0.8,0.692,0.0,0.0,0.0,0.206,0.8,0.631
Jayson Tatum,BOS,F,0.128,1.2,0.316,0.15,1.2,0.442,0.022,0.2,0.44,0.193,1.1,0.549,0.081,0.6,0.405,0.182,1.6,0.397,0.057,0.5,0.424,0.054,0.3,0.621,0.07,0.5,0.493,0.026,0.4,0.364
Malcolm Brogdon,MIL,G,0.084,0.5,0.439,0.19,1.3,0.409,0.0,0.0,0.0,0.214,1.2,0.549,0.0,0.0,0.0,0.277,1.7,0.52,0.065,0.4,0.51,0.043,0.2,0.676,0.047,0.3,0.568,0.0,0.0,0.0
Jusuf Nurkic,POR,C,0.01,0.1,0.2,0.0,0.0,0.0,0.246,1.4,0.552,0.043,0.2,0.571,0.217,1.4,0.452,0.066,0.6,0.384,0.0,0.0,0.0,0.15,0.7,0.632,0.0,0.0,0.0,0.0,0.0,0.0
Chris Paul,HOU,G,0.288,2.6,0.366,0.364,2.4,0.424,0.0,0.0,0.0,0.108,0.6,0.478,0.05,0.3,0.487,0.065,0.5,0.418,0.041,0.4,0.4,0.0,0.0,0.0,0.0,0.0,0.0,0.0,0.0,0.0
Jonas Valanciunas,MEM,C,0.045,0.5,0.286,0.0,0.0,0.0,0.165,1.1,0.63,0.035,0.5,0.182,0.293,1.7,0.577,0.093,0.8,0.385,0.0,0.0,0.0,0.139,1.1,0.553,0.0,0.0,0.0,0.185,0.8,0.63
Dennis Schroder,OKC,G,0.114,1.0,0.358,0.427,3.4,0.424,0.007,0.1,0.333,0.188,1.5,0.438,0.0,0.0,0.0,0.162,1.5,0.396,0.025,0.2,0.448,0.01,0.0,0.75,0.019,0.2,0.333,0.0,0.0,0.0
Reggie Jackson,DET,G,0.097,0.9,0.308,0.366,2.6,0.451,0.0,0.0,0.0,0.146,0.8,0.508,0.0,0.0,0.0,0.209,1.9,0.384,0.069,0.5,0.449,0.012,0.1,0.417,0.025,0.2,0.367,0.0,0.0,0.0
Jeremy Lamb,CHA,G,0.11,0.8,0.362,0.244,1.7,0.41,0.0,0.0,0.0,0.148,0.9,0.504,0.0,0.0,0.0,0.219,1.7,0.407,0.075,0.5,0.472,0.034,0.1,0.703,0.089,0.7,0.475,0.0,0.0,0.0
Kelly Oubre Jr.,PHX,F,0.029,0.2,0.5,0.201,1.4,0.447,0.0,0.0,0.0,0.221,1.5,0.496,0.0,0.0,0.0,0.276,2.5,0.385,0.049,0.4,0.393,0.056,0.3,0.621,0.06,0.4,0.5,0.05,0.4,0.565
Nikola Mirotic,MIL,F,0.0,0.0,0.0,0.0,0.0,0.0,0.07,0.5,0.3,0.177,0.9,0.52,0.108,0.4,0.455,0.291,2.4,0.283,0.0,0.0,0.0,0.0,0.0,0.0,0.07,0.5,0.364,0.0,0.0,0.0
Evan Fournier,ORL,G-F,0.042,0.3,0.419,0.301,2.4,0.382,0.0,0.0,0.0,0.109,0.6,0.533,0.0,0.0,0.0,0.188,1.7,0.403,0.121,0.9,0.449,0.033,0.1,0.73,0.14,1.1,0.448,0.0,0.0,0.0
Terrence Ross,ORL,G-F,0.034,0.3,0.333,0.226,1.6,0.432,0.0,0.0,0.0,0.107,0.8,0.451,0.0,0.0,0.0,0.186,1.4,0.443,0.112,0.9,0.376,0.024,0.1,0.815,0.258,2.0,0.405,0.0,0.0,0.0
Dwyane Wade,MIA,G,0.087,0.9,0.309,0.348,2.7,0.41,0.0,0.0,0.0,0.127,0.9,0.496,0.073,0.6,0.434,0.104,0.9,0.427,0.066,0.5,0.435,0.058,0.3,0.655,0.041,0.3,0.439,0.0,0.0,0.0
Serge Ibaka,TOR,C-F,0.014,0.1,0.462,0.0,0.0,0.0,0.297,1.7,0.546,0.129,0.7,0.531,0.101,0.5,0.513,0.172,1.6,0.331,0.0,0.0,0.0,0.118,0.4,0.712,0.0,0.0,0.0,0.109,0.5,0.652
Marvin Bagley III,SAC,F,0.101,0.7,0.411,0.0,0.0,0.0,0.1,0.6,0.507,0.164,0.7,0.589,0.243,1.5,0.43,0.085,0.8,0.347,0.0,0.0,0.0,0.105,0.4,0.662,0.0,0.0,0.0,0.121,0.5,0.667
Emmanuel Mudiay,NYK,G,0.079,0.6,0.373,0.341,2.3,0.462,0.0,0.0,0.0,0.18,1.2,0.452,0.028,0.2,0.522,0.166,1.4,0.401,0.089,0.7,0.444,0.024,0.1,0.667,0.021,0.2,0.333,0.0,0.0,0.0
Jabari Parker,WAS,F,0.09,0.6,0.429,0.08,0.5,0.52,0.0,0.0,0.0,0.227,0.8,0.672,0.106,0.5,0.6,0.227,1.9,0.351,0.049,0.4,0.333,0.067,0.2,0.684,0.0,0.0,0.0,0.0,0.0,0.0
Kyle Lowry,TOR,G,0.076,0.7,0.368,0.241,1.5,0.423,0.01,0.1,0.125,0.231,1.4,0.436,0.0,0.0,0.0,0.16,1.4,0.407,0.075,0.5,0.5,0.033,0.1,0.731,0.081,0.8,0.32,0.0,0.0,0.0
Bobby Portis,WAS,F,0.026,0.2,0.4,0.0,0.0,0.0,0.186,1.6,0.405,0.14,0.5,0.667,0.129,0.9,0.415,0.281,2.6,0.339,0.0,0.0,0.0,0.071,0.4,0.565,0.0,0.0,0.0,0.0,0.0,0.0
Bogdan Bogdanovic,SAC,G,0.074,0.5,0.413,0.287,1.8,0.446,0.0,0.0,0.0,0.16,1.2,0.408,0.037,0.2,0.517,0.172,1.5,0.401,0.081,0.6,0.394,0.028,0.1,0.654,0.086,0.7,0.342,0.0,0.0,0.0
Domantas Sabonis,IND,F,0.0,0.0,0.0,0.0,0.0,0.0,0.304,1.5,0.542,0.051,0.1,0.727,0.157,0.6,0.588,0.067,0.4,0.492,0.0,0.0,0.0,0.184,0.7,0.632,0.0,0.0,0.0,0.11,0.7,0.57
Marcus Morris Sr.,BOS,F,0.091,0.7,0.309,0.047,0.4,0.349,0.102,0.6,0.553,0.13,0.9,0.409,0.097,0.5,0.513,0.312,2.1,0.431,0.036,0.3,0.394,0.038,0.1,0.677,0.043,0.3,0.474,0.0,0.0,0.0
Otto Porter Jr.,CHI,F,0.0,0.0,0.0,0.326,2.5,0.422,0.0,0.0,0.0,0.159,0.8,0.625,0.0,0.0,0.0,0.234,1.4,0.563,0.054,0.5,0.462,0.0,0.0,0.0,0.088,0.9,0.263,0.0,0.0,0.0
Steven Adams,OKC,C,0.0,0.0,0.0,0.0,0.0,0.0,0.174,0.8,0.596,0.104,0.3,0.706,0.256,1.2,0.546,0.0,0.0,0.0,0.0,0.0,0.0,0.196,0.8,0.629,0.0,0.0,0.0,0.176,0.8,0.489
Jaren Jackson Jr.,MEM,F-C,0.107,0.7,0.443,0.0,0.0,0.0,0.113,0.6,0.463,0.085,0.3,0.694,0.248,1.3,0.476,0.187,1.4,0.366,0.0,0.0,0.0,0.12,0.4,0.649,0.0,0.0,0.0,0.041,0.1,0.667
Goran Dragic,MIA,G,0.057,0.4,0.5,0.336,2.3,0.39,0.0,0.0,0.0,0.186,1.2,0.494,0.0,0.0,0.0,0.156,1.4,0.338,0.107,0.9,0.367,0.039,0.3,0.5,0.044,0.3,0.45,0.0,0.0,0.0
Rudy Gay,SAS,F,0.157,0.9,0.488,0.12,0.6,0.523,0.023,0.2,0.313,0.11,0.5,0.507,0.134,0.8,0.471,0.285,1.8,0.481,0.015,0.1,0.5,0.042,0.1,0.706,0.015,0.1,0.5,0.062,0.2,0.591
Joe Harris,BKN,F-G,0.0,0.0,0.0,0.032,0.2,0.368,0.019,0.1,0.353,0.121,0.6,0.5,0.0,0.0,0.0,0.296,1.7,0.466,0.091,0.5,0.397,0.043,0.1,0.735,0.301,1.4,0.555,0.03,0.2,0.522
Caris LeVert,BKN,G,0.184,1.4,0.432,0.38,2.5,0.441,0.0,0.0,0.0,0.114,0.9,0.37,0.0,0.0,0.0,0.156,1.3,0.359,0.041,0.3,0.476,0.048,0.3,0.478,0.028,0.2,0.438,0.032,0.3,0.524
Enes Kanter,POR,C,0.0,0.0,0.0,0.0,0.0,0.0,0.142,0.6,0.576,0.043,0.1,0.8,0.28,0.9,0.643,0.046,0.4,0.25,0.0,0.0,0.0,0.16,0.6,0.618,0.0,0.0,0.0,0.0,0.0,0.0
Jerami Grant,OKC,F,0.022,0.2,0.316,0.0,0.0,0.0,0.155,0.8,0.5,0.185,0.7,0.6,0.074,0.3,0.547,0.354,2.3,0.407,0.0,0.0,0.0,0.106,0.4,0.628,0.0,0.0,0.0,0.0,0.0,0.0
Dennis Smith Jr.,NYK,G,0.091,1.0,0.333,0.431,3.7,0.398,0.0,0.0,0.0,0.183,1.4,0.474,0.0,0.0,0.0,0.117,1.2,0.306,0.037,0.3,0.538,0.0,0.0,0.0,0.0,0.0,0.0,0.0,0.0,0.0
Al Horford,BOS,C-F,0.028,0.1,0.583,0.0,0.0,0.0,0.316,1.6,0.548,0.085,0.4,0.554,0.165,0.8,0.53,0.176,1.2,0.43,0.0,0.0,0.0,0.09,0.3,0.704,0.019,0.1,0.462,0.0,0.0,0.0
Marc Gasol,TOR,C,0.0,0.0,0.0,0.0,0.0,0.0,0.206,0.7,0.571,0.101,0.3,0.571,0.239,1.0,0.435,0.194,1.2,0.318,0.0,0.0,0.0,0.113,0.3,0.55,0.0,0.0,0.0,0.0,0.0,0.0
Taurean Prince,ATL,F,0.057,0.4,0.395,0.193,1.2,0.389,0.0,0.0,0.0,0.225,1.4,0.44,0.0,0.0,0.0,0.27,1.8,0.469,0.101,0.5,0.471,0.025,0.1,0.813,0.055,0.3,0.471,0.0,0.0,0.0
Carmelo Anthony,HOU,F,0.143,1.1,0.353,0.0,0.0,0.0,0.079,0.8,0.273,0.114,0.9,0.438,0.157,0.4,0.789,0.257,2.3,0.361,0.0,0.0,0.0,0.0,0.0,0.0,0.0,0.0,0.0,0.0,0.0,0.0
Myles Turner,IND,C-F,0.016,0.1,0.333,0.0,0.0,0.0,0.359,2.1,0.482,0.071,0.3,0.583,0.119,0.6,0.457,0.148,1.1,0.382,0.0,0.0,0.0,0.143,0.6,0.586,0.0,0.0,0.0,0.056,0.2,0.645
Robert Covington,MIN,F,0.0,0.0,0.0,0.092,0.5,0.353,0.0,0.0,0.0,0.271,1.8,0.426,0.0,0.0,0.0,0.359,2.4,0.424,0.068,0.5,0.368,0.071,0.2,0.789,0.0,0.0,0.0,0.03,0.1,0.533
Cedi Osman,CLE,F,0.0,0.0,0.0,0.0,0.0,0.0,0.0,0.0,0.0,0.0,0.0,0.0,0.0,0.0,0.0,0.0,0.0,0.0,0.0,0.0,0.0,0.0,0.0,0.0,0.0,0.0,0.0,0.0,0.0,0.0
Jaylen Brown,BOS,G,0.03,0.2,0.304,0.059,0.4,0.426,0.0,0.0,0.0,0.297,1.4,0.541,0.081,0.4,0.509,0.321,2.3,0.412,0.048,0.3,0.417,0.054,0.3,0.565,0.032,0.2,0.385,0.04,0.3,0.515
Gary Harris,DEN,G,0.038,0.3,0.36,0.161,0.9,0.449,0.0,0.0,0.0,0.178,1.1,0.464,0.0,0.0,0.0,0.204,1.6,0.352,0.266,1.7,0.443,0.031,0.1,0.636,0.05,0.4,0.371,0.0,0.0,0.0
Kevin Knox II,NYK,F,0.044,0.4,0.25,0.198,1.4,0.418,0.019,0.2,0.111,0.16,0.9,0.493,0.016,0.1,0.267,0.291,2.4,0.381,0.1,0.9,0.268,0.024,0.2,0.409,0.073,0.7,0.254,0.03,0.1,0.571
Ricky Rubio,UTA,G,0.016,0.1,0.286,0.336,1.9,0.445,0.0,0.0,0.0,0.178,1.1,0.405,0.0,0.0,0.0,0.242,2.0,0.354,0.125,0.8,0.446,0.023,0.1,0.444,0.0,0.0,0.0,0.0,0.0,0.0
Thaddeus Young,IND,F,0.0,0.0,0.0,0.0,0.0,0.0,0.0,0.0,0.0,0.0,0.0,0.0,0.0,0.0,0.0,0.0,0.0,0.0,0.0,0.0,0.0,0.0,0.0,0.0,0.0,0.0,0.0,0.0,0.0,0.0
Paul Millsap,DEN,F,0.087,0.6,0.35,0.046,0.3,0.419,0.044,0.3,0.419,0.128,0.5,0.519,0.187,0.9,0.496,0.188,1.2,0.394,0.013,0.1,0.25,0.143,0.5,0.676,0.034,0.2,0.5,0.092,0.3,0.571
Justise Winslow,MIA,F-G,0.037,0.3,0.3,0.304,1.9,0.399,0.0,0.0,0.0,0.162,0.8,0.481,0.01,0.1,0.429,0.29,2.3,0.417,0.057,0.3,0.5,0.042,0.2,0.618,0.012,0.1,0.125,0.0,0.0,0.0
Trevor Ariza,WAS,F,0.035,0.2,0.444,0.106,0.8,0.353,0.0,0.0,0.0,0.261,1.6,0.481,0.029,0.2,0.2,0.338,2.8,0.36,0.035,0.3,0.381,0.043,0.1,0.773,0.052,0.4,0.308,0.0,0.0,0.0
Brook Lopez,MIL,C,0.03,0.1,0.583,0.0,0.0,0.0,0.141,0.7,0.531,0.143,0.9,0.446,0.084,0.3,0.529,0.391,2.4,0.409,0.058,0.4,0.292,0.042,0.1,0.742,0.035,0.2,0.444,0.029,0.1,0.647
Hassan Whiteside,MIA,C,0.015,0.1,0.273,0.0,0.0,0.0,0.208,0.7,0.692,0.068,0.3,0.591,0.157,0.9,0.417,0.036,0.3,0.419,0.0,0.0,0.0,0.153,0.5,0.648,0.0,0.0,0.0,0.0,0.0,0.0
Jeff Green,WAS,F,0.041,0.3,0.375,0.026,0.1,0.389,0.126,0.6,0.527,0.16,0.6,0.554,0.088,0.4,0.5,0.331,2.0,0.402,0.019,0.1,0.538,0.078,0.3,0.649,0.016,0.1,0.385,0.0,0.0,0.0
Wesley Matthews,IND,G-F,0.0,0.0,0.0,0.107,0.8,0.25,0.0,0.0,0.0,0.122,0.7,0.444,0.088,0.5,0.154,0.256,1.5,0.46,0.126,0.7,0.423,0.065,0.2,0.667,0.134,1.0,0.233,0.0,0.0,0.0
Jeff Teague,MIN,G,0.135,1.0,0.349,0.448,2.7,0.395,0.0,0.0,0.0,0.166,0.7,0.597,0.0,0.0,0.0,0.123,1.0,0.369,0.026,0.1,0.5,0.0,0.0,0.0,0.0,0.0,0.0,0.0,0.0,0.0
Joe Ingles,UTA,F,0.032,0.2,0.444,0.313,1.5,0.455,0.0,0.0,0.0,0.11,0.6,0.458,0.0,0.0,0.0,0.224,1.6,0.418,0.121,0.6,0.51,0.0,0.0,0.0,0.116,0.7,0.423,0.0,0.0,0.0
Dion Waiters,MIA,G,0.157,1.1,0.368,0.201,1.1,0.466,0.0,0.0,0.0,0.11,0.5,0.54,0.0,0.0,0.0,0.288,1.9,0.447,0.116,1.0,0.274,0.0,0.0,0.0,0.06,0.4,0.467,0.0,0.0,0.0
JaVale McGee,LAL,C,0.028,0.1,0.375,0.0,0.0,0.0,0.194,0.6,0.682,0.124,0.2,0.783,0.089,0.4,0.475,0.045,0.3,0.242,0.0,0.0,0.0,0.265,0.7,0.714,0.0,0.0,0.0,0.194,0.5,0.541
E'Twaun Moore,NOP,G,0.034,0.3,0.25,0.128,0.8,0.354,0.016,0.1,0.556,0.224,1.1,0.492,0.0,0.0,0.0,0.211,1.3,0.42,0.091,0.4,0.563,0.062,0.2,0.703,0.159,0.8,0.494,0.032,0.1,0.571
Willie Cauley-Stein,SAC,C,0.069,0.5,0.275,0.0,0.0,0.0,0.274,1.1,0.595,0.132,0.3,0.752,0.123,0.6,0.458,0.058,0.3,0.4,0.0,0.0,0.0,0.184,0.7,0.616,0.0,0.0,0.0,0.0,0.0,0.0
Jae Crowder,UTA,F,0.01,0.1,0.222,0.039,0.3,0.207,0.03,0.2,0.409,0.189,0.9,0.513,0.0,0.0,0.0,0.439,2.9,0.394,0.069,0.5,0.311,0.059,0.2,0.558,0.066,0.6,0.207,0.0,0.0,0.0
Derrick Favors,UTA,F-C,0.0,0.0,0.0,0.0,0.0,0.0,0.27,0.9,0.595,0.063,0.1,0.727,0.037,0.1,0.591,0.14,1.0,0.286,0.0,0.0,0.0,0.243,0.6,0.694,0.0,0.0,0.0,0.0,0.0,0.0
Bryn Forbes,SAS,G,0.026,0.1,0.333,0.267,1.5,0.413,0.0,0.0,0.0,0.159,0.8,0.488,0.0,0.0,0.0,0.36,2.0,0.458,0.078,0.3,0.567,0.0,0.0,0.0,0.057,0.3,0.469,0.0,0.0,0.0
D.J. Augustin,ORL,G,0.053,0.2,0.474,0.476,2.2,0.45,0.0,0.0,0.0,0.152,0.6,0.49,0.0,0.0,0.0,0.184,0.9,0.503,0.028,0.1,0.368,0.022,0.1,0.647,0.0,0.0,0.0,0.0,0.0,0.0
Kent Bazemore,ATL,G,0.025,0.1,0.467,0.255,1.6,0.363,0.0,0.0,0.0,0.202,1.2,0.46,0.0,0.0,0.0,0.223,1.6,0.406,0.142,0.9,0.352,0.03,0.1,0.8,0.037,0.3,0.233,0.0,0.0,0.0
Josh Jackson,PHX,F,0.053,0.4,0.244,0.235,1.5,0.424,0.0,0.0,0.0,0.182,0.8,0.496,0.012,0.1,0.5,0.298,2.2,0.347,0.056,0.4,0.408,0.041,0.1,0.769,0.04,0.3,0.444,0.0,0.0,0.0
Will Barton,DEN,G,0.04,0.2,0.375,0.285,2.0,0.339,0.0,0.0,0.0,0.225,1.2,0.5,0.0,0.0,0.0,0.225,1.6,0.405,0.101,0.7,0.318,0.029,0.1,0.714,0.0,0.0,0.0,0.062,0.4,0.469
Gordon Hayward,BOS,F,0.03,0.2,0.35,0.265,1.4,0.407,0.0,0.0,0.0,0.173,0.5,0.67,0.013,0.1,0.5,0.202,1.1,0.414,0.069,0.5,0.34,0.053,0.2,0.625,0.107,0.6,0.423,0.033,0.2,0.522
Kentavious Caldwell-Pope,LAL,G,0.025,0.2,0.25,0.093,0.5,0.42,0.03,0.2,0.385,0.24,1.2,0.473,0.0,0.0,0.0,0.262,1.6,0.388,0.054,0.2,0.622,0.034,0.1,0.679,0.187,1.1,0.385,0.027,0.1,0.538
Malik Beasley,DEN,G,0.017,0.1,0.077,0.119,0.7,0.404,0.0,0.0,0.0,0.246,0.9,0.595,0.0,0.0,0.0,0.333,1.7,0.459,0.125,0.7,0.402,0.044,0.1,0.686,0.068,0.4,0.396,0.0,0.0,0.0
Reggie Bullock,LAL,G-F,0.0,0.0,0.0,0.0,0.0,0.0,0.0,0.0,0.0,0.172,0.8,0.4,0.0,0.0,0.0,0.272,1.6,0.326,0.077,0.3,0.455,0.065,0.3,0.455,0.278,1.3,0.467,0.0,0.0,0.0
Kris Dunn,CHI,G,0.061,0.5,0.368,0.52,3.3,0.419,0.0,0.0,0.0,0.115,0.6,0.536,0.025,0.1,0.615,0.166,1.5,0.32,0.035,0.2,0.588,0.0,0.0,0.0,0.0,0.0,0.0,0.0,0.0,0.0
Darren Collison,IND,G,0.075,0.4,0.418,0.359,1.6,0.471,0.0,0.0,0.0,0.219,1.0,0.493,0.0,0.0,0.0,0.166,0.8,0.496,0.053,0.3,0.351,0.028,0.1,0.565,0.02,0.1,0.333,0.0,0.0,0.0
Rodney Hood,POR,G,0.096,0.5,0.435,0.228,1.1,0.412,0.0,0.0,0.0,0.176,0.7,0.438,0.092,0.2,0.684,0.268,1.4,0.393,0.056,0.3,0.5,0.0,0.0,0.0,0.0,0.0,0.0,0.0,0.0,0.0
DeMarre Carroll,BKN,F,0.034,0.2,0.267,0.05,0.3,0.241,0.02,0.1,0.417,0.252,1.2,0.441,0.0,0.0,0.0,0.405,2.4,0.375,0.028,0.1,0.438,0.041,0.1,0.654,0.069,0.5,0.19,0.0,0.0,0.0
Alex Len,ATL,C,0.015,0.1,0.273,0.0,0.0,0.0,0.197,0.8,0.536,0.086,0.3,0.604,0.109,0.3,0.583,0.213,1.3,0.38,0.0,0.0,0.0,0.142,0.5,0.592,0.0,0.0,0.0,0.147,0.5,0.545
DeAndre Jordan,NYK,C,0.0,0.0,0.0,0.0,0.0,0.0,0.185,0.4,0.72,0.072,0.1,0.818,0.138,0.4,0.579,0.0,0.0,0.0,0.0,0.0,0.0,0.21,0.7,0.548,0.0,0.0,0.0,0.0,0.0,0.0
Fred VanVleet,TOR,G,0.078,0.4,0.444,0.348,2.0,0.363,0.0,0.0,0.0,0.199,0.9,0.504,0.0,0.0,0.0,0.212,1.4,0.393,0.036,0.2,0.3,0.023,0.1,0.643,0.045,0.3,0.469,0.0,0.0,0.0
Tristan Thompson,CLE,C-F,0.043,0.3,0.3,0.0,0.0,0.0,0.169,0.7,0.583,0.061,0.1,0.714,0.138,0.7,0.392,0.059,0.3,0.5,0.0,0.0,0.0,0.189,0.7,0.581,0.0,0.0,0.0,0.19,1.0,0.517
J.J. Barea,DAL,G,0.074,0.6,0.281,0.542,2.9,0.468,0.0,0.0,0.0,0.072,0.2,0.69,0.0,0.0,0.0,0.088,0.8,0.256,0.117,0.9,0.34,0.0,0.0,0.0,0.022,0.2,0.2,0.0,0.0,0.0
Jarrett Allen,BKN,C,0.0,0.0,0.0,0.0,0.0,0.0,0.368,1.0,0.625,0.061,0.2,0.676,0.0,0.0,0.0,0.059,0.5,0.109,0.0,0.0,0.0,0.262,0.7,0.675,0.0,0.0,0.0,0.212,0.8,0.495
Trey Burke,DAL,G,0.086,0.1,0.786,0.403,1.8,0.45,0.0,0.0,0.0,0.116,0.4,0.5,0.0,0.0,0.0,0.167,0.9,0.389,0.099,0.4,0.444,0.0,0.0,0.0,0.056,0.3,0.462,0.0,0.0,0.0
Tyler Johnson,PHX,G,0.0,0.0,0.0,0.35,2.0,0.366,0.0,0.0,0.0,0.178,1.2,0.4,0.0,0.0,0.0,0.261,1.9,0.324,0.076,0.7,0.182,0.0,0.0,0.0,0.0,0.0,0.0,0.0,0.0,0.0
Allonzo Trier,NYK,G,0.106,0.5,0.458,0.336,1.5,0.401,0.0,0.0,0.0,0.23,1.0,0.496,0.0,0.0,0.0,0.167,0.9,0.456,0.042,0.2,0.476,0.015,0.1,0.429,0.033,0.1,0.6,0.0,0.0,0.0
Shai Gilgeous-Alexander,LAC,G,0.05,0.2,0.529,0.418,1.8,0.472,0.0,0.0,0.0,0.176,0.7,0.537,0.0,0.0,0.0,0.207,1.3,0.41,0.05,0.3,0.368,0.025,0.1,0.714,0.0,0.0,0.0,0.0,0.0,0.0
Dewayne Dedmon,ATL,C,0.0,0.0,0.0,0.0,0.0,0.0,0.213,0.7,0.605,0.119,0.5,0.492,0.029,0.2,0.286,0.252,1.4,0.387,0.0,0.0,0.0,0.153,0.5,0.651,0.0,0.0,0.0,0.134,0.8,0.385
Taj Gibson,MIN,F,0.026,0.1,0.357,0.0,0.0,0.0,0.143,0.5,0.598,0.103,0.2,0.784,0.188,0.7,0.495,0.09,0.5,0.414,0.0,0.0,0.0,0.207,0.8,0.568,0.0,0.0,0.0,0.0,0.0,0.0
Damyean Dotson,NYK,G,0.044,0.3,0.313,0.162,0.7,0.563,0.0,0.0,0.0,0.16,0.8,0.451,0.0,0.0,0.0,0.252,1.6,0.393,0.133,0.8,0.4,0.02,0.1,0.545,0.172,1.2,0.323,0.0,0.0,0.0
Elfrid Payton,NOP,G,0.049,0.4,0.261,0.297,1.6,0.42,0.0,0.0,0.0,0.209,0.9,0.5,0.0,0.0,0.0,0.192,1.3,0.433,0.058,0.5,0.321,0.063,0.3,0.552,0.0,0.0,0.0,0.0,0.0,0.0
Dario Saric,MIN,F,0.019,0.1,0.0,0.0,0.0,0.0,0.127,0.6,0.506,0.127,0.5,0.528,0.109,0.4,0.388,0.315,1.9,0.351,0.018,0.1,0.5,0.118,0.4,0.652,0.039,0.2,0.5,0.0,0.0,0.0
Dwight Powell,DAL,F-C,0.015,0.0,0.667,0.0,0.0,0.0,0.252,0.6,0.627,0.067,0.2,0.606,0.021,0.1,0.375,0.205,0.9,0.381,0.0,0.0,0.0,0.261,0.4,0.785,0.017,0.1,0.286,0.089,0.2,0.708
Thomas Bryant,WAS,C,0.0,0.0,0.0,0.0,0.0,0.0,0.275,0.8,0.604,0.109,0.2,0.778,0.028,0.1,0.6,0.158,0.8,0.404,0.0,0.0,0.0,0.229,0.5,0.706,0.0,0.0,0.0,0.121,0.4,0.667
Marco Belinelli,SAS,G-F,0.0,0.0,0.0,0.156,0.8,0.394,0.0,0.0,0.0,0.138,0.7,0.404,0.0,0.0,0.0,0.314,1.7,0.41,0.154,0.8,0.406,0.069,0.3,0.56,0.097,0.6,0.389,0.0,0.0,0.0
Justin Holiday,MEM,F-G,0.0,0.0,0.0,0.078,0.5,0.258,0.0,0.0,0.0,0.171,0.5,0.625,0.0,0.0,0.0,0.332,2.1,0.34,0.089,0.5,0.25,0.085,0.3,0.656,0.141,1.0,0.295,0.0,0.0,0.0
Kenneth Faried,HOU,F-C,0.0,0.0,0.0,0.0,0.0,0.0,0.24,0.9,0.627,0.125,0.3,0.72,0.0,0.0,0.0,0.084,0.5,0.429,0.0,0.0,0.0,0.226,0.9,0.582,0.0,0.0,0.0,0.0,0.0,0.0
Monte Morris,DEN,G,0.039,0.2,0.379,0.352,1.4,0.528,0.0,0.0,0.0,0.181,0.7,0.52,0.0,0.0,0.0,0.217,1.2,0.418,0.069,0.4,0.453,0.066,0.2,0.659,0.028,0.1,0.5,0.0,0.0,0.0
Wendell Carter Jr.,CHI,C,0.0,0.0,0.0,0.0,0.0,0.0,0.236,1.0,0.564,0.07,0.2,0.565,0.181,1.2,0.282,0.086,0.7,0.293,0.0,0.0,0.0,0.185,0.5,0.701,0.0,0.0,0.0,0.17,0.6,0.597
Wayne Ellington,DET,G,0.0,0.0,0.0,0.096,0.5,0.4,0.035,0.3,0.3,0.141,0.7,0.548,0.0,0.0,0.0,0.23,1.5,0.379,0.275,1.6,0.408,0.0,0.0,0.0,0.131,0.9,0.35,0.0,0.0,0.0
Danny Green,TOR,G-F,0.017,0.1,0.2,0.048,0.1,0.542,0.0,0.0,0.0,0.278,1.2,0.472,0.022,0.1,0.571,0.356,1.6,0.488,0.019,0.1,0.3,0.023,0.1,0.733,0.134,0.7,0.36,0.0,0.0,0.0
Tyreke Evans,IND,G,0.096,0.7,0.324,0.335,2.1,0.35,0.0,0.0,0.0,0.228,0.9,0.508,0.016,0.1,0.615,0.165,1.2,0.331,0.069,0.4,0.392,0.025,0.1,0.529,0.015,0.1,0.364,0.0,0.0,0.0
Cody Zeller,CHA,C,0.026,0.1,0.417,0.0,0.0,0.0,0.26,0.9,0.5,0.117,0.3,0.651,0.026,0.0,0.75,0.098,0.5,0.361,0.0,0.0,0.0,0.232,0.7,0.64,0.0,0.0,0.0,0.164,0.7,0.534
Marvin Williams,CHA,F,0.0,0.0,0.0,0.0,0.0,0.0,0.143,0.7,0.457,0.137,0.6,0.448,0.064,0.3,0.488,0.401,2.4,0.372,0.0,0.0,0.0,0.07,0.2,0.727,0.049,0.3,0.343,0.0,0.0,0.0
Kelly Olynyk,MIA,F,0.024,0.1,0.5,0.023,0.1,0.455,0.156,0.7,0.426,0.104,0.4,0.484,0.076,0.1,0.686,0.288,1.5,0.382,0.064,0.4,0.279,0.081,0.1,0.792,0.029,0.1,0.444,0.05,0.2,0.471
Kadeem Allen,NYK,G,0.068,0.3,0.25,0.366,1.6,0.456,0.0,0.0,0.0,0.157,0.4,0.5,0.0,0.0,0.0,0.236,1.0,0.5,0.0,0.0,0.0,0.0,0.0,0.0,0.0,0.0,0.0,0.0,0.0,0.0
Avery Bradley,MEM,G,0.044,0.3,0.6,0.32,2.5,0.417,0.0,0.0,0.0,0.114,0.9,0.52,0.0,0.0,0.0,0.171,1.5,0.364,0.127,0.4,0.684,0.044,0.3,0.556,0.123,1.0,0.417,0.0,0.0,0.0
Derrick White,SAS,G,0.045,0.2,0.423,0.347,1.5,0.476,0.0,0.0,0.0,0.135,0.4,0.554,0.0,0.0,0.0,0.28,1.6,0.409,0.055,0.2,0.516,0.037,0.1,0.783,0.024,0.1,0.467,0.024,0.1,0.375
Lonzo Ball,LAL,G,0.047,0.3,0.409,0.244,1.6,0.348,0.031,0.2,0.357,0.229,1.0,0.536,0.0,0.0,0.0,0.213,1.8,0.28,0.033,0.1,0.5,0.052,0.1,0.72,0.026,0.3,0.2,0.0,0.0,0.0
Patty Mills,SAS,G,0.016,0.1,0.4,0.34,1.5,0.431,0.013,0.1,0.111,0.135,0.6,0.407,0.0,0.0,0.0,0.271,1.3,0.473,0.086,0.5,0.375,0.023,0.1,0.688,0.041,0.3,0.267,0.0,0.0,0.0
Luke Kennard,DET,G,0.032,0.1,0.563,0.247,1.2,0.409,0.0,0.0,0.0,0.167,0.6,0.578,0.0,0.0,0.0,0.269,1.5,0.372,0.151,0.8,0.417,0.038,0.1,0.81,0.04,0.2,0.3,0.0,0.0,0.0
Kevin Huerter,ATL,G,0.03,0.1,0.421,0.23,1.2,0.377,0.0,0.0,0.0,0.214,1.1,0.447,0.0,0.0,0.0,0.242,1.4,0.399,0.119,0.6,0.429,0.039,0.1,0.577,0.052,0.4,0.27,0.021,0.1,0.583
Nemanja Bjelica,SAC,F,0.031,0.1,0.286,0.021,0.1,0.2,0.073,0.3,0.565,0.189,0.8,0.465,0.063,0.2,0.469,0.264,1.3,0.405,0.029,0.1,0.526,0.094,0.2,0.655,0.064,0.3,0.459,0.112,0.5,0.507
Allen Crabbe,BKN,G-F,0.0,0.0,0.0,0.032,0.2,0.2,0.0,0.0,0.0,0.128,0.7,0.436,0.0,0.0,0.0,0.348,1.9,0.359,0.087,0.5,0.4,0.0,0.0,0.0,0.297,1.8,0.342,0.0,0.0,0.0
Jonathan Isaac,ORL,F,0.031,0.1,0.588,0.036,0.2,0.261,0.032,0.2,0.304,0.138,0.4,0.6,0.029,0.1,0.4,0.419,2.5,0.339,0.037,0.2,0.409,0.103,0.3,0.623,0.017,0.1,0.5,0.132,0.8,0.489
Jeremy Lin,TOR,G,0.06,0.3,0.455,0.302,1.0,0.429,0.0,0.0,0.0,0.286,1.2,0.426,0.0,0.0,0.0,0.196,1.2,0.2,0.05,0.1,0.714,0.0,0.0,0.0,0.0,0.0,0.0,0.0,0.0,0.0
Robin Lopez,CHI,C,0.0,0.0,0.0,0.0,0.0,0.0,0.287,1.1,0.517,0.0,0.0,0.0,0.322,1.0,0.583,0.049,0.2,0.531,0.0,0.0,0.0,0.112,0.2,0.724,0.0,0.0,0.0,0.0,0.0,0.0
Tony Parker,CHA,G,0.088,0.4,0.4,0.566,2.5,0.477,0.0,0.0,0.0,0.121,0.4,0.58,0.0,0.0,0.0,0.126,0.7,0.42,0.04,0.2,0.45,0.0,0.0,0.0,0.0,0.0,0.0,0.0,0.0,0.0
Shabazz Napier,BKN,G,0.15,0.8,0.361,0.398,1.9,0.354,0.0,0.0,0.0,0.139,0.5,0.526,0.0,0.0,0.0,0.162,0.9,0.395,0.057,0.3,0.346,0.0,0.0,0.0,0.041,0.3,0.3,0.0,0.0,0.0
Markieff Morris,OKC,F,0.0,0.0,0.0,0.0,0.0,0.0,0.176,0.9,0.276,0.076,0.2,0.444,0.212,0.7,0.485,0.282,1.4,0.319,0.0,0.0,0.0,0.076,0.1,0.75,0.0,0.0,0.0,0.0,0.0,0.0
JaMychal Green,LAC,F,0.0,0.0,0.0,0.0,0.0,0.0,0.123,0.5,0.368,0.128,0.2,0.765,0.097,0.3,0.529,0.338,1.7,0.375,0.0,0.0,0.0,0.056,0.1,0.667,0.0,0.0,0.0,0.132,0.3,0.513
Danuel House Jr.,HOU,F-G,0.05,0.1,0.583,0.041,0.1,0.429,0.0,0.0,0.0,0.243,0.6,0.593,0.0,0.0,0.0,0.483,1.9,0.433,0.035,0.1,0.444,0.0,0.0,0.0,0.038,0.2,0.417,0.041,0.1,0.563
Al-Farouq Aminu,POR,F,0.034,0.1,0.474,0.022,0.1,0.154,0.035,0.1,0.5,0.154,0.5,0.538,0.0,0.0,0.0,0.47,2.4,0.364,0.015,0.1,0.222,0.103,0.2,0.648,0.026,0.2,0.211,0.0,0.0,0.0
Larry Nance Jr.,CLE,F,0.019,0.1,0.3,0.025,0.1,0.308,0.168,0.6,0.527,0.102,0.2,0.702,0.078,0.3,0.412,0.165,0.9,0.375,0.0,0.0,0.0,0.168,0.4,0.706,0.0,0.0,0.0,0.132,0.3,0.683
Nicolas Batum,CHA,F-G,0.044,0.2,0.483,0.222,0.9,0.441,0.014,0.1,0.375,0.121,0.4,0.484,0.0,0.0,0.0,0.297,1.5,0.41,0.105,0.4,0.456,0.051,0.1,0.727,0.032,0.1,0.412,0.0,0.0,0.0
Jalen Brunson,DAL,G,0.07,0.3,0.405,0.28,1.2,0.444,0.0,0.0,0.0,0.172,0.7,0.484,0.023,0.1,0.636,0.219,1.1,0.427,0.082,0.3,0.542,0.021,0.1,0.636,0.048,0.2,0.5,0.0,0.0,0.0
Gerald Green,HOU,G-F,0.035,0.2,0.25,0.068,0.4,0.316,0.029,0.2,0.294,0.152,0.7,0.438,0.0,0.0,0.0,0.431,2.2,0.404,0.056,0.2,0.517,0.02,0.0,0.846,0.143,0.8,0.333,0.0,0.0,0.0
Rajon Rondo,LAL,G,0.107,0.8,0.368,0.453,2.4,0.425,0.0,0.0,0.0,0.16,0.8,0.409,0.0,0.0,0.0,0.146,1.0,0.377,0.0,0.0,0.0,0.019,0.1,0.5,0.0,0.0,0.0,0.0,0.0,0.0
Alex Caruso,LAL,G,0.053,0.2,0.6,0.416,1.8,0.395,0.0,0.0,0.0,0.147,0.5,0.5,0.0,0.0,0.0,0.147,0.8,0.344,0.041,0.2,0.375,0.065,0.1,0.769,0.0,0.0,0.0,0.0,0.0,0.0
Landry Shamet,LAC,G,0.0,0.0,0.0,0.099,0.4,0.375,0.0,0.0,0.0,0.165,0.7,0.5,0.0,0.0,0.0,0.255,1.3,0.441,0.128,0.6,0.407,0.0,0.0,0.0,0.28,1.4,0.417,0.0,0.0,0.0
Terry Rozier,BOS,G,0.08,0.5,0.351,0.218,1.1,0.419,0.0,0.0,0.0,0.193,0.7,0.496,0.0,0.0,0.0,0.245,1.4,0.36,0.062,0.4,0.2,0.018,0.1,0.583,0.107,0.6,0.355,0.0,0.0,0.0
Ish Smith,DET,G,0.067,0.4,0.351,0.485,2.4,0.441,0.0,0.0,0.0,0.162,0.6,0.516,0.0,0.0,0.0,0.173,1.0,0.389,0.04,0.2,0.5,0.0,0.0,0.0,0.0,0.0,0.0,0.0,0.0,0.0
Malik Monk,CHA,G,0.072,0.4,0.326,0.184,0.9,0.34,0.0,0.0,0.0,0.184,0.7,0.5,0.0,0.0,0.0,0.317,1.8,0.377,0.083,0.4,0.381,0.022,0.0,0.923,0.094,0.6,0.288,0.021,0.1,0.636
Rondae Hollis-Jefferson,BKN,F,0.039,0.2,0.333,0.025,0.1,0.0,0.165,0.7,0.457,0.192,0.8,0.442,0.068,0.3,0.387,0.237,1.4,0.352,0.0,0.0,0.0,0.149,0.7,0.506,0.0,0.0,0.0,0.0,0.0,0.0
Ivica Zubac,LAC,C,0.0,0.0,0.0,0.0,0.0,0.0,0.226,0.7,0.571,0.083,0.2,0.706,0.147,0.5,0.481,0.0,0.0,0.0,0.0,0.0,0.0,0.222,0.6,0.66,0.0,0.0,0.0,0.277,0.9,0.482
Bam Adebayo,MIA,C-F,0.018,0.1,0.455,0.0,0.0,0.0,0.212,0.5,0.615,0.118,0.2,0.719,0.072,0.2,0.457,0.048,0.2,0.296,0.0,0.0,0.0,0.245,0.7,0.582,0.0,0.0,0.0,0.086,0.4,0.563
Tomas Satoransky,WAS,G-F,0.033,0.1,0.353,0.237,0.9,0.417,0.0,0.0,0.0,0.181,0.4,0.61,0.022,0.0,0.625,0.29,1.4,0.422,0.026,0.1,0.313,0.062,0.2,0.658,0.021,0.1,0.5,0.0,0.0,0.0
Marcus Smart,BOS,G,0.04,0.2,0.381,0.195,0.8,0.402,0.0,0.0,0.0,0.166,0.6,0.48,0.053,0.2,0.458,0.294,1.5,0.39,0.057,0.3,0.436,0.04,0.1,0.56,0.029,0.2,0.364,0.023,0.2,0.167
Mario Hezonja,NYK,F,0.08,0.4,0.257,0.252,1.3,0.327,0.0,0.0,0.0,0.186,0.5,0.638,0.022,0.1,0.545,0.245,1.4,0.339,0.04,0.2,0.45,0.086,0.3,0.537,0.017,0.1,0.444,0.0,0.0,0.0
Alec Burks,SAC,G,0.0,0.0,0.0,0.0,0.0,0.0,0.0,0.0,0.0,0.0,0.0,0.0,0.0,0.0,0.0,0.0,0.0,0.0,0.0,0.0,0.0,0.0,0.0,0.0,0.0,0.0,0.0,0.0,0.0,0.0
Delon Wright,MEM,G,0.087,0.5,0.429,0.341,2.2,0.349,0.0,0.0,0.0,0.179,0.7,0.6,0.0,0.0,0.0,0.145,1.3,0.306,0.043,0.2,0.538,0.038,0.1,0.769,0.0,0.0,0.0,0.0,0.0,0.0
Frank Kaminsky,CHA,F-C,0.0,0.0,0.0,0.0,0.0,0.0,0.258,0.9,0.442,0.078,0.3,0.462,0.065,0.1,0.667,0.346,1.5,0.386,0.0,0.0,0.0,0.086,0.1,0.72,0.0,0.0,0.0,0.0,0.0,0.0
Norman Powell,TOR,F-G,0.057,0.3,0.333,0.244,0.8,0.425,0.0,0.0,0.0,0.224,0.6,0.584,0.0,0.0,0.0,0.263,1.0,0.496,0.044,0.1,0.647,0.026,0.1,0.5,0.077,0.3,0.469,0.019,0.1,0.444
Kyle Korver,UTA,G-F,0.0,0.0,0.0,0.071,0.4,0.286,0.0,0.0,0.0,0.113,0.5,0.49,0.0,0.0,0.0,0.276,1.3,0.431,0.229,1.0,0.398,0.0,0.0,0.0,0.236,1.2,0.376,0.0,0.0,0.0
Trey Lyles,DEN,F,0.047,0.3,0.273,0.036,0.1,0.533,0.177,1.1,0.276,0.1,0.2,0.694,0.143,0.5,0.483,0.256,1.4,0.338,0.029,0.2,0.286,0.065,0.2,0.706,0.055,0.3,0.364,0.0,0.0,0.0
Rodions Kurucs,BKN,F,0.053,0.1,0.826,0.027,0.1,0.385,0.02,0.1,0.375,0.213,0.8,0.455,0.0,0.0,0.0,0.351,1.6,0.378,0.027,0.1,0.2,0.119,0.3,0.645,0.071,0.4,0.324,0.055,0.1,0.429
Langston Galloway,DET,G,0.0,0.0,0.0,0.071,0.4,0.31,0.0,0.0,0.0,0.186,0.9,0.376,0.0,0.0,0.0,0.373,1.8,0.379,0.192,0.8,0.464,0.023,0.1,0.615,0.099,0.5,0.344,0.02,0.1,0.25
Noah Vonleh,NYK,F,0.057,0.2,0.417,0.017,0.1,0.333,0.123,0.5,0.414,0.082,0.3,0.5,0.206,0.6,0.543,0.251,1.1,0.405,0.0,0.0,0.0,0.058,0.2,0.586,0.0,0.0,0.0,0.0,0.0,0.0
DeAndre' Bembry,ATL,F,0.027,0.1,0.615,0.205,0.9,0.433,0.0,0.0,0.0,0.224,0.7,0.524,0.0,0.0,0.0,0.258,1.5,0.341,0.092,0.4,0.39,0.081,0.2,0.653,0.019,0.1,0.308,0.061,0.1,0.571
Mikal Bridges,PHX,F,0.0,0.0,0.0,0.073,0.3,0.308,0.0,0.0,0.0,0.238,0.8,0.507,0.0,0.0,0.0,0.371,1.7,0.381,0.065,0.3,0.282,0.075,0.1,0.7,0.06,0.2,0.472,0.046,0.1,0.778
Bruno Caboclo,MEM,F,0.0,0.0,0.0,0.0,0.0,0.0,0.063,0.2,0.462,0.143,0.4,0.44,0.0,0.0,0.0,0.479,2.1,0.437,0.0,0.0,0.0,0.052,0.2,0.538,0.0,0.0,0.0,0.0,0.0,0.0
Darius Miller,NOP,F,0.027,0.1,0.462,0.133,0.4,0.472,0.0,0.0,0.0,0.159,0.9,0.268,0.0,0.0,0.0,0.346,1.6,0.385,0.09,0.3,0.439,0.0,0.0,0.0,0.187,0.8,0.412,0.0,0.0,0.0
Jahlil Okafor,NOP,C,0.098,0.3,0.5,0.0,0.0,0.0,0.156,0.3,0.677,0.131,0.3,0.651,0.241,0.7,0.494,0.047,0.1,0.529,0.0,0.0,0.0,0.138,0.3,0.66,0.0,0.0,0.0,0.112,0.2,0.684
Richaun Holmes,PHX,F-C,0.037,0.1,0.5,0.0,0.0,0.0,0.329,0.8,0.609,0.086,0.1,0.771,0.059,0.1,0.5,0.022,0.1,0.5,0.0,0.0,0.0,0.198,0.4,0.667,0.0,0.0,0.0,0.0,0.0,0.0
Markelle Fultz,ORL,G,0.0,0.0,0.0,0.0,0.0,0.0,0.0,0.0,0.0,0.0,0.0,0.0,0.0,0.0,0.0,0.0,0.0,0.0,0.0,0.0,0.0,0.0,0.0,0.0,0.0,0.0,0.0,0.017,0.1,0.615
Austin Rivers,HOU,G,0.251,1.1,0.436,0.193,1.0,0.347,0.0,0.0,0.0,0.13,0.5,0.522,0.0,0.0,0.0,0.306,1.6,0.414,0.044,0.3,0.294,0.0,0.0,0.0,0.0,0.0,0.0,0.0,0.0,0.0
Frank Jackson,NOP,G,0.036,0.2,0.263,0.152,0.7,0.4,0.0,0.0,0.0,0.224,0.6,0.585,0.0,0.0,0.0,0.285,1.5,0.326,0.08,0.3,0.4,0.072,0.2,0.576,0.082,0.3,0.459,0.03,0.1,0.167
Isaiah Thomas,DEN,G,0.0,0.0,0.0,0.341,1.9,0.233,0.0,0.0,0.0,0.225,1.2,0.417,0.0,0.0,0.0,0.155,0.8,0.412,0.124,0.6,0.462,0.0,0.0,0.0,0.0,0.0,0.0,0.0,0.0,0.0
Kyle Anderson,MEM,F,0.056,0.2,0.438,0.119,0.4,0.5,0.0,0.0,0.0,0.217,0.5,0.656,0.0,0.0,0.0,0.161,0.8,0.308,0.047,0.1,0.667,0.172,0.3,0.755,0.0,0.0,0.0,0.08,0.2,0.48
Davis Bertans,SAS,F,0.0,0.0,0.0,0.019,0.1,0.429,0.019,0.1,0.556,0.181,0.5,0.513,0.0,0.0,0.0,0.554,2.0,0.424,0.039,0.1,0.421,0.042,0.1,0.632,0.077,0.3,0.4,0.0,0.0,0.0
Jamal Crawford,PHX,G,0.126,0.6,0.355,0.495,1.9,0.415,0.0,0.0,0.0,0.107,0.3,0.476,0.0,0.0,0.0,0.155,0.9,0.341,0.022,0.1,0.429,0.0,0.0,0.0,0.021,0.1,0.5,0.0,0.0,0.0
Seth Curry,POR,G,0.044,0.2,0.368,0.259,0.9,0.484,0.0,0.0,0.0,0.145,0.5,0.439,0.0,0.0,0.0,0.239,0.8,0.504,0.116,0.4,0.451,0.0,0.0,0.0,0.119,0.5,0.367,0.0,0.0,0.0
Josh Hart,LAL,G,0.0,0.0,0.0,0.054,0.3,0.308,0.0,0.0,0.0,0.331,1.1,0.5,0.0,0.0,0.0,0.306,1.5,0.354,0.045,0.2,0.381,0.051,0.1,0.6,0.118,0.6,0.339,0.0,0.0,0.0
Garrett Temple,LAC,G-F,0.0,0.0,0.0,0.119,0.2,0.5,0.0,0.0,0.0,0.291,0.5,0.552,0.0,0.0,0.0,0.306,1.0,0.25,0.097,0.3,0.25,0.0,0.0,0.0,0.0,0.0,0.0,0.0,0.0,0.0
James Johnson,MIA,F,0.126,0.6,0.333,0.146,0.6,0.404,0.068,0.2,0.63,0.101,0.4,0.421,0.027,0.1,0.364,0.309,1.6,0.356,0.037,0.1,0.538,0.074,0.1,0.857,0.0,0.0,0.0,0.0,0.0,0.0
Ante Zizic,CLE,C,0.0,0.0,0.0,0.0,0.0,0.0,0.22,0.5,0.608,0.073,0.2,0.591,0.231,0.6,0.433,0.022,0.1,0.375,0.0,0.0,0.0,0.18,0.4,0.652,0.0,0.0,0.0,0.135,0.2,0.667
Mason Plumlee,DEN,F-C,0.052,0.2,0.407,0.0,0.0,0.0,0.166,0.3,0.761,0.096,0.1,0.75,0.207,0.6,0.489,0.063,0.2,0.467,0.0,0.0,0.0,0.171,0.3,0.714,0.0,0.0,0.0,0.14,0.2,0.707
Josh Okogie,MIN,G,0.028,0.1,0.25,0.067,0.3,0.441,0.0,0.0,0.0,0.283,1.0,0.448,0.0,0.0,0.0,0.387,2.1,0.311,0.056,0.2,0.379,0.068,0.1,0.656,0.02,0.1,0.111,0.081,0.3,0.543
Maurice Harkless,POR,F,0.03,0.2,0.167,0.022,0.1,0.111,0.024,0.1,0.4,0.119,0.2,0.69,0.126,0.4,0.511,0.277,1.3,0.331,0.032,0.1,0.385,0.169,0.3,0.75,0.035,0.1,0.5,0.0,0.0,0.0
Patrick Beverley,LAC,G,0.039,0.2,0.25,0.286,1.0,0.365,0.0,0.0,0.0,0.146,0.4,0.515,0.0,0.0,0.0,0.35,1.5,0.412,0.037,0.2,0.429,0.016,0.1,0.4,0.0,0.0,0.0,0.03,0.1,0.5
George Hill,MIL,G,0.086,0.3,0.417,0.226,0.5,0.537,0.0,0.0,0.0,0.168,0.6,0.413,0.0,0.0,0.0,0.242,1.1,0.306,0.055,0.2,0.313,0.067,0.1,0.762,0.037,0.1,0.545,0.05,0.2,0.529
Rodney McGruder,LAC,F-G,0.0,0.0,0.0,0.0,0.0,0.0,0.0,0.0,0.0,0.0,0.0,0.0,0.0,0.0,0.0,0.0,0.0,0.0,0.0,0.0,0.0,0.0,0.0,0.0,0.0,0.0,0.0,0.0,0.0,0.0
Jake Layman,POR,F,0.0,0.0,0.0,0.052,0.2,0.333,0.0,0.0,0.0,0.143,0.3,0.65,0.03,0.1,0.538,0.323,1.3,0.366,0.054,0.1,0.545,0.159,0.2,0.75,0.117,0.5,0.385,0.0,0.0,0.0
Shelvin Mack,CHA,G,0.0,0.0,0.0,0.0,0.0,0.0,0.0,0.0,0.0,0.0,0.0,0.0,0.0,0.0,0.0,0.0,0.0,0.0,0.0,0.0,0.0,0.0,0.0,0.0,0.0,0.0,0.0,0.0,0.0,0.0
Dorian Finney-Smith,DAL,F,0.029,0.1,0.077,0.065,0.2,0.31,0.015,0.1,0.5,0.159,0.5,0.562,0.0,0.0,0.0,0.357,1.6,0.337,0.029,0.1,0.353,0.1,0.2,0.636,0.057,0.2,0.438,0.11,0.4,0.519
Dillon Brooks,MEM,G-F,0.0,0.0,0.0,0.187,0.9,0.36,0.0,0.0,0.0,0.135,0.4,0.5,0.0,0.0,0.0,0.297,1.1,0.457,0.071,0.4,0.2,0.084,0.3,0.5,0.097,0.4,0.417,0.029,0.2,0.483
Iman Shumpert,HOU,G,0.0,0.0,0.0,0.0,0.0,0.0,0.0,0.0,0.0,0.195,0.5,0.526,0.0,0.0,0.0,0.487,2.0,0.278,0.0,0.0,0.0,0.0,0.0,0.0,0.0,0.0,0.0,0.0,0.0,0.0
Chandler Parsons,MEM,F,0.044,0.1,0.5,0.249,1.1,0.282,0.0,0.0,0.0,0.138,0.4,0.593,0.0,0.0,0.0,0.36,2.1,0.284,0.098,0.4,0.4,0.0,0.0,0.0,0.0,0.0,0.0,0.0,0.0,0.0
Miles Bridges,CHA,F,0.046,0.2,0.217,0.04,0.1,0.5,0.047,0.2,0.481,0.177,0.5,0.494,0.035,0.1,0.526,0.398,1.6,0.41,0.037,0.2,0.35,0.086,0.1,0.773,0.0,0.0,0.0,0.058,0.3,0.574
Vince Carter,ATL,F-G,0.03,0.1,0.357,0.098,0.3,0.439,0.058,0.2,0.32,0.133,0.5,0.444,0.068,0.3,0.344,0.438,1.7,0.424,0.034,0.1,0.375,0.038,0.1,0.75,0.0,0.0,0.0,0.029,0.1,0.556
Draymond Green,GSW,F,0.026,0.2,0.231,0.027,0.1,0.583,0.073,0.3,0.378,0.201,0.3,0.672,0.056,0.2,0.476,0.276,1.7,0.313,0.0,0.0,0.0,0.14,0.4,0.574,0.0,0.0,0.0,0.0,0.0,0.0
Dwayne Bacon,CHA,G-F,0.108,0.3,0.607,0.166,0.7,0.293,0.0,0.0,0.0,0.22,0.5,0.604,0.0,0.0,0.0,0.294,1.0,0.423,0.088,0.3,0.4,0.0,0.0,0.0,0.051,0.1,0.583,0.033,0.1,0.429
Mitchell Robinson,NYK,C,0.0,0.0,0.0,0.0,0.0,0.0,0.275,0.4,0.742,0.086,0.1,0.778,0.029,0.0,1.0,0.0,0.0,0.0,0.0,0.0,0.0,0.164,0.2,0.729,0.0,0.0,0.0,0.352,0.8,0.638
Antonio Blakeney,CHI,G,0.148,0.6,0.467,0.287,1.2,0.372,0.0,0.0,0.0,0.139,0.5,0.536,0.0,0.0,0.0,0.22,0.9,0.432,0.141,0.7,0.309,0.0,0.0,0.0,0.022,0.1,0.25,0.0,0.0,0.0
P.J. Tucker,HOU,F,0.0,0.0,0.0,0.0,0.0,0.0,0.129,0.5,0.397,0.156,0.5,0.5,0.0,0.0,0.0,0.513,2.3,0.365,0.0,0.0,0.0,0.036,0.1,0.55,0.0,0.0,0.0,0.065,0.1,0.75
Doug McDermott,IND,F,0.0,0.0,0.0,0.0,0.0,0.0,0.0,0.0,0.0,0.118,0.3,0.5,0.0,0.0,0.0,0.303,0.9,0.447,0.136,0.4,0.468,0.152,0.2,0.723,0.213,0.8,0.368,0.029,0.1,0.643
Dirk Nowitzki,DAL,F,0.027,0.1,0.3,0.0,0.0,0.0,0.165,0.7,0.387,0.112,0.7,0.2,0.202,0.8,0.443,0.377,1.9,0.358,0.0,0.0,0.0,0.0,0.0,0.0,0.056,0.3,0.364,0.0,0.0,0.0
Willy Hernangomez,CHA,C,0.0,0.0,0.0,0.0,0.0,0.0,0.304,0.8,0.521,0.043,0.1,0.714,0.105,0.2,0.481,0.053,0.2,0.35,0.0,0.0,0.0,0.179,0.5,0.533,0.0,0.0,0.0,0.146,0.3,0.68
Lance Stephenson,LAL,G,0.127,0.5,0.433,0.289,1.0,0.417,0.0,0.0,0.0,0.163,0.5,0.429,0.0,0.0,0.0,0.241,1.0,0.418,0.022,0.1,0.429,0.033,0.0,0.727,0.034,0.2,0.313,0.0,0.0,0.0
Justin Jackson,DAL,F,0.0,0.0,0.0,0.072,0.3,0.308,0.0,0.0,0.0,0.139,0.4,0.52,0.0,0.0,0.0,0.423,1.5,0.456,0.077,0.3,0.333,0.091,0.1,0.842,0.082,0.3,0.467,0.044,0.2,0.286
Luol Deng,MIN,F,0.0,0.0,0.0,0.0,0.0,0.0,0.0,0.0,0.0,0.214,0.4,0.654,0.11,0.1,0.818,0.29,1.3,0.282,0.0,0.0,0.0,0.117,0.1,0.8,0.0,0.0,0.0,0.0,0.0,0.0
Joakim Noah,MEM,C,0.066,0.1,0.538,0.0,0.0,0.0,0.284,0.9,0.479,0.088,0.2,0.611,0.076,0.3,0.267,0.073,0.2,0.5,0.0,0.0,0.0,0.211,0.4,0.66,0.0,0.0,0.0,0.0,0.0,0.0
Harry Giles III,SAC,F-C,0.1,0.4,0.314,0.0,0.0,0.0,0.204,0.6,0.551,0.093,0.2,0.667,0.233,0.8,0.377,0.065,0.3,0.286,0.0,0.0,0.0,0.107,0.2,0.711,0.0,0.0,0.0,0.091,0.2,0.6
Derrick Jones Jr.,MIA,F-G,0.0,0.0,0.0,0.0,0.0,0.0,0.057,0.1,0.778,0.171,0.4,0.551,0.0,0.0,0.0,0.303,1.3,0.312,0.0,0.0,0.0,0.209,0.4,0.676,0.0,0.0,0.0,0.08,0.3,0.517
Mike Muscala,LAL,F-C,0.0,0.0,0.0,0.0,0.0,0.0,0.152,0.5,0.308,0.239,0.6,0.5,0.0,0.0,0.0,0.359,1.1,0.406,0.0,0.0,0.0,0.0,0.0,0.0,0.0,0.0,0.0,0.0,0.0,0.0
Luke Kornet,NYK,F-C,0.0,0.0,0.0,0.0,0.0,0.0,0.218,0.9,0.403,0.094,0.3,0.435,0.085,0.4,0.231,0.333,1.5,0.337,0.0,0.0,0.0,0.052,0.1,0.7,0.073,0.3,0.409,0.0,0.0,0.0
OG Anunoby,TOR,F,0.045,0.1,0.5,0.043,0.2,0.3,0.0,0.0,0.0,0.21,0.4,0.651,0.041,0.1,0.333,0.397,1.7,0.341,0.023,0.1,0.273,0.066,0.1,0.654,0.0,0.0,0.0,0.055,0.1,0.75
Terrance Ferguson,OKC,G,0.0,0.0,0.0,0.039,0.2,0.2,0.033,0.1,0.467,0.283,0.8,0.529,0.0,0.0,0.0,0.47,1.8,0.372,0.028,0.1,0.417,0.055,0.1,0.704,0.0,0.0,0.0,0.0,0.0,0.0
Pat Connaughton,MIL,G,0.028,0.1,0.222,0.048,0.1,0.563,0.03,0.1,0.5,0.165,0.4,0.567,0.0,0.0,0.0,0.331,1.3,0.339,0.093,0.4,0.172,0.14,0.2,0.76,0.095,0.3,0.424,0.066,0.0,0.941
Tyus Jones,MIN,G,0.065,0.3,0.323,0.419,1.7,0.418,0.0,0.0,0.0,0.178,0.5,0.527,0.0,0.0,0.0,0.174,0.9,0.326,0.052,0.2,0.3,0.023,0.0,0.818,0.0,0.0,0.0,0.0,0.0,0.0
Stanley Johnson,NOP,F,0.083,0.2,0.5,0.198,0.6,0.389,0.0,0.0,0.0,0.182,0.5,0.357,0.0,0.0,0.0,0.314,0.9,0.514,0.0,0.0,0.0,0.0,0.0,0.0,0.0,0.0,0.0,0.0,0.0,0.0
Quinn Cook,GSW,G,0.06,0.2,0.423,0.267,0.9,0.432,0.0,0.0,0.0,0.159,0.4,0.556,0.0,0.0,0.0,0.195,0.6,0.484,0.074,0.3,0.394,0.036,0.1,0.588,0.11,0.4,0.46,0.0,0.0,0.0
Dante Exum,UTA,G,0.09,0.3,0.368,0.384,1.3,0.438,0.0,0.0,0.0,0.168,0.5,0.487,0.0,0.0,0.0,0.213,0.8,0.417,0.051,0.3,0.143,0.0,0.0,0.0,0.0,0.0,0.0,0.0,0.0,0.0
Wayne Selden,CHI,G-F,0.052,0.2,0.412,0.181,0.7,0.484,0.0,0.0,0.0,0.181,0.7,0.38,0.0,0.0,0.0,0.356,1.8,0.369,0.069,0.3,0.417,0.0,0.0,0.0,0.045,0.2,0.5,0.0,0.0,0.0
Maxi Kleber,DAL,F,0.0,0.0,0.0,0.0,0.0,0.0,0.101,0.4,0.395,0.101,0.3,0.512,0.063,0.1,0.5,0.421,1.5,0.399,0.0,0.0,0.0,0.093,0.1,0.778,0.042,0.2,0.4,0.074,0.3,0.371
Brandon Knight,CLE,G,0.089,0.3,0.529,0.435,2.0,0.426,0.0,0.0,0.0,0.117,0.4,0.5,0.0,0.0,0.0,0.202,1.1,0.37,0.052,0.3,0.333,0.0,0.0,0.0,0.0,0.0,0.0,0.0,0.0,0.0
Evan Turner,POR,G-F,0.082,0.3,0.537,0.195,0.8,0.385,0.0,0.0,0.0,0.118,0.2,0.581,0.198,0.6,0.516,0.155,0.8,0.291,0.05,0.2,0.435,0.068,0.1,0.697,0.0,0.0,0.0,0.0,0.0,0.0
Ersan Ilyasova,MIL,F,0.0,0.0,0.0,0.0,0.0,0.0,0.122,0.4,0.451,0.137,0.3,0.596,0.037,0.1,0.231,0.283,1.1,0.333,0.024,0.1,0.5,0.139,0.4,0.537,0.03,0.1,0.308,0.112,0.3,0.455
JR Smith,CLE,G-F,0.0,0.0,0.0,0.189,0.9,0.286,0.0,0.0,0.0,0.179,0.8,0.357,0.0,0.0,0.0,0.179,1.0,0.313,0.147,0.3,0.7,0.0,0.0,0.0,0.158,1.0,0.214,0.0,0.0,0.0
Ryan Arcidiacono,CHI,G,0.032,0.1,0.286,0.361,0.9,0.483,0.0,0.0,0.0,0.102,0.3,0.419,0.0,0.0,0.0,0.306,1.0,0.456,0.068,0.2,0.379,0.028,0.0,0.769,0.0,0.0,0.0,0.0,0.0,0.0
James Ennis III,PHI,F,0.0,0.0,0.0,0.0,0.0,0.0,0.0,0.0,0.0,0.248,0.7,0.368,0.0,0.0,0.0,0.314,1.1,0.424,0.0,0.0,0.0,0.095,0.1,0.75,0.0,0.0,0.0,0.105,0.3,0.462
Ian Clark,NOP,G,0.0,0.0,0.0,0.196,0.7,0.405,0.0,0.0,0.0,0.203,0.8,0.36,0.0,0.0,0.0,0.258,1.1,0.393,0.082,0.4,0.323,0.042,0.1,0.611,0.132,0.6,0.365,0.0,0.0,0.0
Michael Kidd-Gilchrist,CHA,F,0.035,0.1,0.455,0.0,0.0,0.0,0.062,0.2,0.318,0.171,0.3,0.542,0.0,0.0,0.0,0.335,1.1,0.45,0.032,0.1,0.385,0.18,0.4,0.533,0.0,0.0,0.0,0.0,0.0,0.0
Zach Collins,POR,F-C,0.0,0.0,0.0,0.0,0.0,0.0,0.149,0.4,0.508,0.066,0.1,0.542,0.138,0.4,0.5,0.213,1.0,0.276,0.0,0.0,0.0,0.202,0.5,0.554,0.0,0.0,0.0,0.0,0.0,0.0
MarShon Brooks,MEM,G,0.132,0.6,0.19,0.327,0.9,0.491,0.0,0.0,0.0,0.137,0.4,0.5,0.0,0.0,0.0,0.215,0.9,0.35,0.0,0.0,0.0,0.049,0.1,0.778,0.0,0.0,0.0,0.0,0.0,0.0
David Nwaba,CLE,G,0.066,0.2,0.267,0.039,0.2,0.111,0.0,0.0,0.0,0.278,0.4,0.651,0.0,0.0,0.0,0.36,1.3,0.385,0.0,0.0,0.0,0.106,0.3,0.533,0.0,0.0,0.0,0.0,0.0,0.0
Cory Joseph,IND,G,0.062,0.3,0.382,0.345,1.3,0.409,0.0,0.0,0.0,0.133,0.5,0.459,0.0,0.0,0.0,0.247,1.1,0.387,0.082,0.3,0.435,0.026,0.1,0.706,0.018,0.1,0.182,0.0,0.0,0.0
Johnathan Williams,LAL,F,0.0,0.0,0.0,0.0,0.0,0.0,0.223,0.5,0.542,0.162,0.1,0.882,0.0,0.0,0.0,0.0,0.0,0.0,0.0,0.0,0.0,0.209,0.3,0.692,0.0,0.0,0.0,0.0,0.0,0.0
Jonathon Simmons,PHI,F,0.0,0.0,0.0,0.279,0.6,0.5,0.0,0.0,0.0,0.163,0.5,0.2,0.0,0.0,0.0,0.186,0.3,0.615,0.0,0.0,0.0,0.0,0.0,0.0,0.0,0.0,0.0,0.0,0.0,0.0
Shaquille Harrison,CHI,G,0.095,0.3,0.421,0.225,0.7,0.429,0.0,0.0,0.0,0.212,0.6,0.549,0.0,0.0,0.0,0.276,1.1,0.392,0.054,0.2,0.333,0.041,0.2,0.368,0.0,0.0,0.0,0.048,0.1,0.556
Sterling Brown,MIL,G,0.029,0.1,0.143,0.098,0.3,0.483,0.0,0.0,0.0,0.241,0.6,0.554,0.0,0.0,0.0,0.307,1.0,0.431,0.074,0.3,0.385,0.069,0.2,0.577,0.085,0.2,0.48,0.052,0.1,0.538
CJ Miles,MEM,F-G,0.0,0.0,0.0,0.0,0.0,0.0,0.0,0.0,0.0,0.125,0.7,0.25,0.0,0.0,0.0,0.333,1.6,0.447,0.125,0.4,0.643,0.0,0.0,0.0,0.2,1.2,0.333,0.0,0.0,0.0
Gorgui Dieng,MIN,C,0.044,0.2,0.25,0.0,0.0,0.0,0.241,0.5,0.552,0.066,0.1,0.593,0.083,0.2,0.457,0.261,0.8,0.452,0.0,0.0,0.0,0.114,0.2,0.675,0.0,0.0,0.0,0.109,0.3,0.467
T.J. McConnell,PHI,G,0.019,0.1,0.556,0.389,1.1,0.488,0.0,0.0,0.0,0.194,0.4,0.547,0.0,0.0,0.0,0.175,0.6,0.469,0.069,0.2,0.563,0.07,0.1,0.714,0.0,0.0,0.0,0.0,0.0,0.0
Devin Harris,DAL,G,0.0,0.0,0.0,0.192,0.5,0.4,0.0,0.0,0.0,0.17,0.5,0.407,0.0,0.0,0.0,0.344,1.3,0.367,0.041,0.1,0.231,0.046,0.1,0.667,0.102,0.3,0.343,0.0,0.0,0.0
Jonas Jerebko,GSW,F,0.0,0.0,0.0,0.0,0.0,0.0,0.067,0.2,0.36,0.169,0.3,0.59,0.025,0.0,0.625,0.403,1.4,0.364,0.0,0.0,0.0,0.09,0.2,0.6,0.067,0.1,0.615,0.0,0.0,0.0
Omri Casspi,MEM,F,0.0,0.0,0.0,0.0,0.0,0.0,0.0,0.0,0.0,0.257,0.3,0.767,0.0,0.0,0.0,0.29,0.9,0.365,0.0,0.0,0.0,0.219,0.4,0.571,0.0,0.0,0.0,0.0,0.0,0.0
Cameron Payne,CLE,G,0.0,0.0,0.0,0.459,1.4,0.519,0.0,0.0,0.0,0.0,0.0,0.0,0.0,0.0,0.0,0.243,1.1,0.333,0.0,0.0,0.0,0.0,0.0,0.0,0.0,0.0,0.0,0.0,0.0,0.0
Kevon Looney,GSW,C-F,0.025,0.1,0.375,0.0,0.0,0.0,0.084,0.2,0.483,0.077,0.1,0.808,0.0,0.0,0.0,0.072,0.2,0.517,0.0,0.0,0.0,0.391,0.5,0.707,0.0,0.0,0.0,0.202,0.5,0.444
Troy Daniels,PHX,G,0.0,0.0,0.0,0.161,0.5,0.413,0.0,0.0,0.0,0.116,0.3,0.514,0.0,0.0,0.0,0.255,0.9,0.382,0.177,0.7,0.306,0.039,0.1,0.583,0.165,0.5,0.364,0.0,0.0,0.0
Mo Bamba,ORL,C,0.032,0.1,0.3,0.0,0.0,0.0,0.204,0.6,0.5,0.054,0.1,0.5,0.083,0.3,0.333,0.227,1.0,0.318,0.0,0.0,0.0,0.125,0.2,0.676,0.0,0.0,0.0,0.212,0.4,0.613
Tyler Dorsey,MEM,G,0.068,0.3,0.455,0.203,0.9,0.424,0.0,0.0,0.0,0.203,0.8,0.528,0.0,0.0,0.0,0.261,1.4,0.362,0.092,0.5,0.412,0.0,0.0,0.0,0.101,0.6,0.429,0.0,0.0,0.0
Jerryd Bayless,MIN,G,0.088,0.5,0.217,0.412,1.6,0.393,0.0,0.0,0.0,0.102,0.5,0.36,0.0,0.0,0.0,0.263,1.3,0.348,0.047,0.2,0.455,0.0,0.0,0.0,0.0,0.0,0.0,0.0,0.0,0.0
Sam Dekker,WAS,F,0.0,0.0,0.0,0.0,0.0,0.0,0.049,0.2,0.273,0.192,0.3,0.647,0.0,0.0,0.0,0.278,1.0,0.339,0.078,0.3,0.421,0.151,0.2,0.727,0.0,0.0,0.0,0.0,0.0,0.0
Kenrich Williams,NOP,G-F,0.0,0.0,0.0,0.056,0.2,0.333,0.0,0.0,0.0,0.258,0.9,0.461,0.0,0.0,0.0,0.401,1.7,0.333,0.0,0.0,0.0,0.062,0.1,0.722,0.071,0.3,0.333,0.069,0.1,0.5
Cheick Diallo,NOP,F,0.0,0.0,0.0,0.0,0.0,0.0,0.253,0.5,0.558,0.175,0.2,0.727,0.0,0.0,0.0,0.069,0.2,0.348,0.0,0.0,0.0,0.247,0.3,0.69,0.0,0.0,0.0,0.0,0.0,0.0
Isaiah Canaan,MIL,G,0.0,0.0,0.0,0.0,0.0,0.0,0.0,0.0,0.0,0.0,0.0,0.0,0.0,0.0,0.0,0.0,0.0,0.0,0.0,0.0,0.0,0.0,0.0,0.0,0.0,0.0,0.0,0.0,0.0,0.0
Henry Ellenson,NYK,F,0.0,0.0,0.0,0.0,0.0,0.0,0.0,0.0,0.0,0.144,0.2,0.7,0.154,0.6,0.214,0.433,1.5,0.333,0.0,0.0,0.0,0.0,0.0,0.0,0.0,0.0,0.0,0.0,0.0,0.0
Tony Snell,MIL,G,0.0,0.0,0.0,0.056,0.1,0.313,0.0,0.0,0.0,0.213,0.6,0.468,0.0,0.0,0.0,0.34,1.0,0.431,0.157,0.4,0.448,0.056,0.1,0.762,0.081,0.3,0.286,0.0,0.0,0.0
Wilson Chandler,LAC,F,0.0,0.0,0.0,0.0,0.0,0.0,0.0,0.0,0.0,0.224,0.5,0.467,0.0,0.0,0.0,0.461,1.4,0.323,0.0,0.0,0.0,0.0,0.0,0.0,0.0,0.0,0.0,0.0,0.0,0.0
Jordan McRae,WAS,G,0.0,0.0,0.0,0.296,0.9,0.41,0.0,0.0,0.0,0.201,0.3,0.667,0.0,0.0,0.0,0.27,0.9,0.361,0.0,0.0,0.0,0.0,0.0,0.0,0.0,0.0,0.0,0.0,0.0,0.0
Yogi Ferrell,SAC,G,0.053,0.1,0.55,0.342,0.9,0.467,0.0,0.0,0.0,0.237,0.6,0.457,0.0,0.0,0.0,0.167,0.6,0.377,0.06,0.2,0.32,0.024,0.0,0.667,0.041,0.1,0.462,0.0,0.0,0.0
Omari Spellman,ATL,F,0.0,0.0,0.0,0.0,0.0,0.0,0.156,0.4,0.524,0.125,0.3,0.483,0.0,0.0,0.0,0.349,1.3,0.337,0.0,0.0,0.0,0.1,0.3,0.462,0.0,0.0,0.0,0.0,0.0,0.0
Aaron Holiday,IND,G,0.04,0.1,0.417,0.322,1.1,0.367,0.0,0.0,0.0,0.189,0.5,0.444,0.0,0.0,0.0,0.238,0.9,0.394,0.111,0.3,0.414,0.0,0.0,0.0,0.0,0.0,0.0,0.0,0.0,0.0
Matthew Dellavedova,CLE,G,0.05,0.1,0.545,0.402,1.4,0.425,0.0,0.0,0.0,0.106,0.4,0.444,0.0,0.0,0.0,0.209,1.0,0.4,0.063,0.3,0.25,0.0,0.0,0.0,0.0,0.0,0.0,0.0,0.0,0.0
Nik Stauskas,CLE,G,0.0,0.0,0.0,0.075,0.2,0.556,0.0,0.0,0.0,0.18,0.5,0.267,0.0,0.0,0.0,0.323,1.3,0.268,0.098,0.2,0.583,0.0,0.0,0.0,0.12,0.2,0.583,0.0,0.0,0.0
Meyers Leonard,POR,F-C,0.0,0.0,0.0,0.0,0.0,0.0,0.193,0.4,0.582,0.078,0.1,0.55,0.056,0.1,0.417,0.252,0.6,0.486,0.0,0.0,0.0,0.212,0.2,0.694,0.0,0.0,0.0,0.0,0.0,0.0
D.J. Wilson,MIL,F,0.0,0.0,0.0,0.0,0.0,0.0,0.22,0.7,0.404,0.144,0.4,0.447,0.0,0.0,0.0,0.292,1.1,0.361,0.039,0.1,0.417,0.108,0.2,0.593,0.0,0.0,0.0,0.0,0.0,0.0
Juancho Hernangomez,DEN,F,0.0,0.0,0.0,0.0,0.0,0.0,0.036,0.1,0.385,0.134,0.3,0.476,0.036,0.1,0.545,0.393,1.2,0.38,0.065,0.2,0.333,0.109,0.1,0.735,0.041,0.2,0.083,0.101,0.1,0.583
Ed Davis,BKN,C,0.0,0.0,0.0,0.0,0.0,0.0,0.226,0.3,0.614,0.041,0.0,0.917,0.0,0.0,0.0,0.0,0.0,0.0,0.0,0.0,0.0,0.282,0.4,0.628,0.0,0.0,0.0,0.0,0.0,0.0
Furkan Korkmaz,PHI,G-F,0.0,0.0,0.0,0.066,0.2,0.389,0.0,0.0,0.0,0.194,0.6,0.429,0.0,0.0,0.0,0.399,1.4,0.375,0.115,0.3,0.462,0.035,0.1,0.556,0.063,0.2,0.313,0.019,0.1,0.6
Mike Scott,PHI,F,0.0,0.0,0.0,0.0,0.0,0.0,0.089,0.4,0.412,0.122,0.4,0.5,0.075,0.3,0.25,0.451,2.0,0.418,0.0,0.0,0.0,0.089,0.3,0.467,0.0,0.0,0.0,0.076,0.2,0.458
Ivan Rabb,MEM,F,0.043,0.2,0.273,0.0,0.0,0.0,0.183,0.4,0.535,0.082,0.1,0.688,0.129,0.2,0.621,0.122,0.4,0.333,0.0,0.0,0.0,0.215,0.4,0.617,0.0,0.0,0.0,0.0,0.0,0.0
Elie Okobo,PHX,G,0.069,0.3,0.217,0.397,1.4,0.327,0.0,0.0,0.0,0.138,0.2,0.658,0.0,0.0,0.0,0.212,0.9,0.324,0.058,0.2,0.421,0.032,0.0,0.818,0.0,0.0,0.0,0.0,0.0,0.0
Torrey Craig,DEN,F,0.0,0.0,0.0,0.035,0.1,0.385,0.0,0.0,0.0,0.233,0.4,0.581,0.0,0.0,0.0,0.386,1.5,0.302,0.048,0.1,0.353,0.127,0.2,0.667,0.0,0.0,0.0,0.091,0.2,0.579
Frank Ntilikina,NYK,G,0.06,0.3,0.333,0.338,1.4,0.379,0.0,0.0,0.0,0.114,0.5,0.29,0.0,0.0,0.0,0.256,1.4,0.289,0.111,0.5,0.333,0.0,0.0,0.0,0.0,0.0,0.0,0.0,0.0,0.0
Andre Iguodala,GSW,F-G,0.031,0.1,0.182,0.05,0.1,0.357,0.0,0.0,0.0,0.227,0.3,0.717,0.0,0.0,0.0,0.347,1.2,0.331,0.037,0.1,0.455,0.141,0.1,0.848,0.0,0.0,0.0,0.0,0.0,0.0
Daniel Theis,BOS,F,0.0,0.0,0.0,0.0,0.0,0.0,0.268,0.5,0.589,0.057,0.1,0.611,0.039,0.0,0.714,0.176,0.5,0.364,0.0,0.0,0.0,0.232,0.4,0.609,0.0,0.0,0.0,0.159,0.5,0.548
John Henson,CLE,F,0.0,0.0,0.0,0.0,0.0,0.0,0.0,0.0,0.0,0.0,0.0,0.0,0.0,0.0,0.0,0.0,0.0,0.0,0.0,0.0,0.0,0.0,0.0,0.0,0.0,0.0,0.0,0.096,0.1,0.714
Aron Baynes,BOS,C-F,0.0,0.0,0.0,0.0,0.0,0.0,0.201,0.7,0.34,0.051,0.1,0.533,0.068,0.1,0.625,0.123,0.4,0.441,0.0,0.0,0.0,0.195,0.4,0.609,0.0,0.0,0.0,0.0,0.0,0.0
Chasson Randle,WAS,G,0.066,0.1,0.417,0.24,0.5,0.447,0.0,0.0,0.0,0.156,0.4,0.459,0.0,0.0,0.0,0.292,0.9,0.37,0.059,0.2,0.231,0.069,0.1,0.563,0.035,0.1,0.3,0.0,0.0,0.0
Jakob Poeltl,SAS,C,0.0,0.0,0.0,0.0,0.0,0.0,0.206,0.2,0.712,0.053,0.0,0.846,0.087,0.1,0.522,0.032,0.1,0.6,0.0,0.0,0.0,0.256,0.4,0.674,0.0,0.0,0.0,0.209,0.5,0.462
Damian Jones,GSW,C,0.0,0.0,0.0,0.0,0.0,0.0,0.229,0.3,0.7,0.095,0.0,0.833,0.0,0.0,0.0,0.0,0.0,0.0,0.0,0.0,0.0,0.343,0.3,0.733,0.0,0.0,0.0,0.0,0.0,0.0
Alex Abrines,OKC,G,0.0,0.0,0.0,0.079,0.1,0.667,0.056,0.2,0.222,0.175,0.6,0.31,0.0,0.0,0.0,0.424,1.5,0.375,0.085,0.2,0.462,0.0,0.0,0.0,0.113,0.4,0.353,0.0,0.0,0.0
Raul Neto,UTA,G,0.062,0.2,0.455,0.36,0.8,0.475,0.0,0.0,0.0,0.166,0.4,0.407,0.0,0.0,0.0,0.27,0.8,0.431,0.062,0.1,0.571,0.0,0.0,0.0,0.0,0.0,0.0,0.0,0.0,0.0
Troy Williams,SAC,F,0.0,0.0,0.0,0.0,0.0,0.0,0.0,0.0,0.0,0.368,0.8,0.541,0.0,0.0,0.0,0.307,1.0,0.313,0.0,0.0,0.0,0.0,0.0,0.0,0.0,0.0,0.0,0.0,0.0,0.0
Treveon Graham,BKN,F,0.0,0.0,0.0,0.0,0.0,0.0,0.0,0.0,0.0,0.124,0.5,0.182,0.0,0.0,0.0,0.647,2.2,0.389,0.0,0.0,0.0,0.055,0.3,0.1,0.0,0.0,0.0,0.0,0.0,0.0
Tim Frazier,MIL,G,0.115,0.6,0.222,0.333,1.1,0.35,0.0,0.0,0.0,0.23,0.5,0.571,0.0,0.0,0.0,0.172,0.8,0.357,0.0,0.0,0.0,0.0,0.0,0.0,0.0,0.0,0.0,0.0,0.0,0.0
Chandler Hutchison,CHI,F,0.0,0.0,0.0,0.102,0.3,0.348,0.0,0.0,0.0,0.224,0.4,0.652,0.0,0.0,0.0,0.333,1.2,0.308,0.055,0.1,0.5,0.133,0.2,0.731,0.0,0.0,0.0,0.047,0.2,0.4
Royce O'Neale,UTA,F,0.0,0.0,0.0,0.051,0.1,0.429,0.0,0.0,0.0,0.26,0.4,0.641,0.0,0.0,0.0,0.488,1.2,0.42,0.047,0.1,0.333,0.063,0.1,0.636,0.0,0.0,0.0,0.0,0.0,0.0
Alex Poythress,ATL,F,0.0,0.0,0.0,0.0,0.0,0.0,0.179,0.3,0.538,0.16,0.2,0.667,0.0,0.0,0.0,0.292,0.8,0.37,0.0,0.0,0.0,0.104,0.2,0.636,0.0,0.0,0.0,0.0,0.0,0.0
Brandon Sampson,CHI,G,0.0,0.0,0.0,0.132,0.4,0.375,0.0,0.0,0.0,0.184,0.1,0.818,0.0,0.0,0.0,0.408,1.1,0.385,0.0,0.0,0.0,0.0,0.0,0.0,0.0,0.0,0.0,0.0,0.0,0.0
Jalen Jones,CLE,F,0.0,0.0,0.0,0.0,0.0,0.0,0.0,0.0,0.0,0.193,0.4,0.4,0.0,0.0,0.0,0.446,1.3,0.387,0.0,0.0,0.0,0.0,0.0,0.0,0.0,0.0,0.0,0.0,0.0,0.0
Thon Maker,DET,F,0.0,0.0,0.0,0.0,0.0,0.0,0.0,0.0,0.0,0.0,0.0,0.0,0.0,0.0,0.0,0.0,0.0,0.0,0.0,0.0,0.0,0.0,0.0,0.0,0.0,0.0,0.0,0.0,0.0,0.0
Keita Bates-Diop,MIN,F,0.0,0.0,0.0,0.071,0.3,0.273,0.0,0.0,0.0,0.225,0.5,0.559,0.0,0.0,0.0,0.29,1.1,0.304,0.071,0.3,0.273,0.124,0.0,0.941,0.0,0.0,0.0,0.065,0.1,0.714
Anthony Tolliver,MIN,F,0.0,0.0,0.0,0.0,0.0,0.0,0.113,0.3,0.433,0.144,0.3,0.512,0.0,0.0,0.0,0.538,1.5,0.333,0.0,0.0,0.0,0.041,0.1,0.333,0.056,0.1,0.417,0.0,0.0,0.0
Cameron Reynolds,MIN,G,0.0,0.0,0.0,0.0,0.0,0.0,0.0,0.0,0.0,0.253,0.5,0.571,0.0,0.0,0.0,0.414,1.1,0.344,0.0,0.0,0.0,0.0,0.0,0.0,0.0,0.0,0.0,0.0,0.0,0.0
De'Anthony Melton,PHX,G,0.0,0.0,0.0,0.321,1.1,0.3,0.0,0.0,0.0,0.239,0.7,0.419,0.0,0.0,0.0,0.222,0.9,0.371,0.0,0.0,0.0,0.032,0.0,0.75,0.0,0.0,0.0,0.0,0.0,0.0
Dragan Bender,PHX,F,0.0,0.0,0.0,0.0,0.0,0.0,0.196,0.5,0.41,0.106,0.2,0.565,0.051,0.1,0.429,0.337,1.3,0.253,0.0,0.0,0.0,0.118,0.2,0.708,0.0,0.0,0.0,0.0,0.0,0.0
Wes Iwundu,ORL,F,0.038,0.1,0.111,0.145,0.4,0.333,0.0,0.0,0.0,0.249,0.5,0.46,0.0,0.0,0.0,0.284,0.9,0.381,0.06,0.2,0.2,0.068,0.1,0.526,0.0,0.0,0.0,0.069,0.2,0.273
Marcin Gortat,LAC,C,0.0,0.0,0.0,0.0,0.0,0.0,0.318,0.6,0.589,0.058,0.1,0.7,0.097,0.3,0.333,0.0,0.0,0.0,0.0,0.0,0.0,0.194,0.4,0.591,0.0,0.0,0.0,0.0,0.0,0.0
Nerlens Noel,OKC,F-C,0.0,0.0,0.0,0.0,0.0,0.0,0.263,0.5,0.538,0.066,0.1,0.667,0.0,0.0,0.0,0.05,0.1,0.4,0.0,0.0,0.0,0.274,0.3,0.679,0.0,0.0,0.0,0.132,0.3,0.632
Corey Brewer,SAC,G-F,0.0,0.0,0.0,0.0,0.0,0.0,0.0,0.0,0.0,0.313,0.3,0.563,0.0,0.0,0.0,0.293,0.8,0.333,0.0,0.0,0.0,0.121,0.1,0.8,0.0,0.0,0.0,0.0,0.0,0.0
Jared Dudley,BKN,F,0.0,0.0,0.0,0.0,0.0,0.0,0.125,0.4,0.242,0.162,0.4,0.432,0.0,0.0,0.0,0.508,1.3,0.437,0.0,0.0,0.0,0.046,0.0,0.8,0.0,0.0,0.0,0.0,0.0,0.0
Donte DiVincenzo,MIL,G,0.0,0.0,0.0,0.081,0.1,0.556,0.0,0.0,0.0,0.25,0.6,0.5,0.0,0.0,0.0,0.311,1.1,0.318,0.068,0.3,0.0,0.088,0.1,0.727,0.101,0.4,0.267,0.047,0.2,0.478
Khem Birch,ORL,C,0.0,0.0,0.0,0.0,0.0,0.0,0.284,0.4,0.617,0.085,0.0,0.846,0.0,0.0,0.0,0.0,0.0,0.0,0.0,0.0,0.0,0.199,0.2,0.676,0.0,0.0,0.0,0.175,0.3,0.556
Michael Carter-Williams,ORL,G,0.0,0.0,0.0,0.286,0.9,0.421,0.0,0.0,0.0,0.155,0.5,0.333,0.0,0.0,0.0,0.179,0.8,0.231,0.0,0.0,0.0,0.0,0.0,0.0,0.0,0.0,0.0,0.067,0.3,0.188
Troy Brown Jr.,WAS,F,0.053,0.2,0.154,0.18,0.6,0.341,0.0,0.0,0.0,0.18,0.3,0.61,0.0,0.0,0.0,0.317,1.0,0.35,0.074,0.2,0.471,0.102,0.2,0.52,0.0,0.0,0.0,0.048,0.1,0.625
Devonte' Graham,CHA,G,0.12,0.4,0.167,0.297,0.8,0.431,0.0,0.0,0.0,0.18,0.5,0.378,0.0,0.0,0.0,0.218,0.8,0.333,0.038,0.2,0.125,0.0,0.0,0.0,0.053,0.2,0.308,0.01,0.1,0.444
Jonah Bolden,PHI,F,0.0,0.0,0.0,0.0,0.0,0.0,0.113,0.2,0.474,0.178,0.3,0.581,0.0,0.0,0.0,0.362,1.1,0.373,0.0,0.0,0.0,0.099,0.2,0.588,0.0,0.0,0.0,0.0,0.0,0.0
Alfonzo McKinnie,GSW,F,0.0,0.0,0.0,0.0,0.0,0.0,0.0,0.0,0.0,0.175,0.3,0.592,0.0,0.0,0.0,0.383,1.0,0.388,0.031,0.1,0.111,0.156,0.2,0.674,0.0,0.0,0.0,0.0,0.0,0.0
John Jenkins,NYK,G,0.0,0.0,0.0,0.169,0.4,0.4,0.0,0.0,0.0,0.085,0.3,0.333,0.0,0.0,0.0,0.347,1.1,0.368,0.0,0.0,0.0,0.0,0.0,0.0,0.246,0.7,0.385,0.0,0.0,0.0
Timothe Luwawu-Cabarrot,CHI,G-F,0.0,0.0,0.0,0.049,0.1,0.556,0.0,0.0,0.0,0.192,0.4,0.607,0.0,0.0,0.0,0.468,2.2,0.3,0.074,0.2,0.417,0.074,0.2,0.5,0.054,0.2,0.364,0.0,0.0,0.0
Lance Thomas,NYK,F,0.0,0.0,0.0,0.0,0.0,0.0,0.059,0.2,0.231,0.114,0.2,0.652,0.076,0.1,0.538,0.481,1.6,0.305,0.0,0.0,0.0,0.063,0.1,0.636,0.0,0.0,0.0,0.0,0.0,0.0
Jevon Carter,MEM,G,0.091,0.3,0.267,0.313,1.0,0.286,0.0,0.0,0.0,0.204,0.6,0.395,0.0,0.0,0.0,0.239,0.9,0.286,0.043,0.2,0.222,0.0,0.0,0.0,0.0,0.0,0.0,0.0,0.0,0.0
Bismack Biyombo,CHA,C,0.0,0.0,0.0,0.0,0.0,0.0,0.312,0.4,0.608,0.069,0.1,0.636,0.0,0.0,0.0,0.0,0.0,0.0,0.0,0.0,0.0,0.29,0.4,0.556,0.0,0.0,0.0,0.162,0.5,0.429
Shake Milton,PHI,G,0.0,0.0,0.0,0.116,0.4,0.2,0.0,0.0,0.0,0.189,0.4,0.556,0.0,0.0,0.0,0.4,1.3,0.286,0.0,0.0,0.0,0.0,0.0,0.0,0.0,0.0,0.0,0.0,0.0,0.0
Solomon Hill,NOP,F,0.0,0.0,0.0,0.049,0.1,0.25,0.0,0.0,0.0,0.166,0.5,0.3,0.0,0.0,0.0,0.386,1.2,0.333,0.0,0.0,0.0,0.13,0.1,0.739,0.0,0.0,0.0,0.0,0.0,0.0
Bruce Brown,DET,G,0.039,0.1,0.5,0.158,0.4,0.378,0.0,0.0,0.0,0.216,0.5,0.485,0.0,0.0,0.0,0.317,1.1,0.295,0.026,0.1,0.556,0.117,0.2,0.556,0.0,0.0,0.0,0.065,0.3,0.571
Jaron Blossomgame,CLE,F,0.0,0.0,0.0,0.0,0.0,0.0,0.081,0.1,0.571,0.146,0.3,0.429,0.0,0.0,0.0,0.317,1.0,0.289,0.0,0.0,0.0,0.171,0.2,0.647,0.0,0.0,0.0,0.0,0.0,0.0
Glenn Robinson III,DET,G-F,0.0,0.0,0.0,0.047,0.1,0.5,0.0,0.0,0.0,0.22,0.3,0.556,0.0,0.0,0.0,0.402,1.0,0.338,0.093,0.3,0.158,0.136,0.2,0.667,0.0,0.0,0.0,0.0,0.0,0.0
Jerian Grant,ORL,G,0.08,0.2,0.35,0.329,0.7,0.379,0.0,0.0,0.0,0.091,0.1,0.727,0.0,0.0,0.0,0.311,0.9,0.372,0.063,0.1,0.571,0.0,0.0,0.0,0.0,0.0,0.0,0.0,0.0,0.0
Ian Mahinmi,WAS,C,0.0,0.0,0.0,0.0,0.0,0.0,0.181,0.3,0.375,0.065,0.1,0.75,0.0,0.0,0.0,0.097,0.4,0.077,0.0,0.0,0.0,0.232,0.3,0.56,0.0,0.0,0.0,0.174,0.5,0.574
Shaun Livingston,GSW,G,0.059,0.2,0.375,0.092,0.1,0.556,0.0,0.0,0.0,0.221,0.4,0.435,0.118,0.2,0.444,0.041,0.1,0.545,0.0,0.0,0.0,0.258,0.3,0.645,0.0,0.0,0.0,0.0,0.0,0.0
Courtney Lee,DAL,G,0.0,0.0,0.0,0.189,0.2,0.615,0.0,0.0,0.0,0.179,0.4,0.471,0.0,0.0,0.0,0.326,0.8,0.357,0.0,0.0,0.0,0.0,0.0,0.0,0.0,0.0,0.0,0.0,0.0,0.0
Cristiano Felicio,CHI,F-C,0.0,0.0,0.0,0.0,0.0,0.0,0.298,0.5,0.563,0.083,0.1,0.6,0.062,0.1,0.3,0.05,0.1,0.125,0.0,0.0,0.0,0.194,0.2,0.611,0.0,0.0,0.0,0.345,0.3,0.727
Pau Gasol,MIL,C-F,0.0,0.0,0.0,0.0,0.0,0.0,0.0,0.0,0.0,0.0,0.0,0.0,0.0,0.0,0.0,0.0,0.0,0.0,0.0,0.0,0.0,0.0,0.0,0.0,0.0,0.0,0.0,0.0,0.0,0.0
Zaza Pachulia,DET,C,0.039,0.1,0.286,0.0,0.0,0.0,0.123,0.3,0.32,0.052,0.0,0.769,0.078,0.1,0.583,0.071,0.2,0.421,0.0,0.0,0.0,0.227,0.4,0.519,0.0,0.0,0.0,0.0,0.0,0.0
Thabo Sefolosha,UTA,F,0.0,0.0,0.0,0.0,0.0,0.0,0.0,0.0,0.0,0.216,0.2,0.625,0.0,0.0,0.0,0.492,0.9,0.41,0.0,0.0,0.0,0.108,0.1,0.538,0.0,0.0,0.0,0.0,0.0,0.0
Rawle Alkins,CHI,G,0.0,0.0,0.0,0.0,0.0,0.0,0.0,0.0,0.0,0.196,0.4,0.429,0.0,0.0,0.0,0.333,0.9,0.308,0.0,0.0,0.0,0.0,0.0,0.0,0.0,0.0,0.0,0.0,0.0,0.0
Patrick Patterson,OKC,F,0.0,0.0,0.0,0.0,0.0,0.0,0.195,0.5,0.313,0.143,0.3,0.441,0.104,0.1,0.529,0.323,0.8,0.359,0.0,0.0,0.0,0.072,0.1,0.438,0.0,0.0,0.0,0.0,0.0,0.0
Nene,HOU,C-F,0.0,0.0,0.0,0.0,0.0,0.0,0.301,0.4,0.579,0.075,0.1,0.667,0.103,0.1,0.444,0.089,0.2,0.231,0.0,0.0,0.0,0.267,0.4,0.516,0.0,0.0,0.0,0.0,0.0,0.0
Andrew Bogut,GSW,C,0.0,0.0,0.0,0.0,0.0,0.0,0.0,0.0,0.0,0.0,0.0,0.0,0.0,0.0,0.0,0.0,0.0,0.0,0.0,0.0,0.0,0.244,0.5,0.545,0.0,0.0,0.0,0.0,0.0,0.0
Isaiah Briscoe,ORL,G,0.083,0.1,0.583,0.409,0.9,0.358,0.0,0.0,0.0,0.127,0.2,0.611,0.0,0.0,0.0,0.232,0.6,0.375,0.0,0.0,0.0,0.0,0.0,0.0,0.0,0.0,0.0,0.0,0.0,0.0
Wesley Johnson,WAS,F-G,0.0,0.0,0.0,0.0,0.0,0.0,0.0,0.0,0.0,0.0,0.0,0.0,0.0,0.0,0.0,0.49,1.4,0.261,0.0,0.0,0.0,0.0,0.0,0.0,0.0,0.0,0.0,0.0,0.0,0.0
Jaylen Adams,ATL,G,0.0,0.0,0.0,0.314,0.7,0.333,0.0,0.0,0.0,0.19,0.3,0.313,0.0,0.0,0.0,0.299,0.7,0.425,0.088,0.2,0.444,0.0,0.0,0.0,0.0,0.0,0.0,0.0,0.0,0.0
Tyson Chandler,LAL,C,0.0,0.0,0.0,0.0,0.0,0.0,0.123,0.1,0.727,0.071,0.0,0.875,0.0,0.0,0.0,0.0,0.0,0.0,0.0,0.0,0.0,0.29,0.2,0.667,0.0,0.0,0.0,0.0,0.0,0.0
Dante Cunningham,SAS,F,0.0,0.0,0.0,0.0,0.0,0.0,0.0,0.0,0.0,0.08,0.1,0.5,0.0,0.0,0.0,0.447,0.7,0.411,0.0,0.0,0.0,0.207,0.3,0.543,0.0,0.0,0.0,0.0,0.0,0.0
Gary Clark,HOU,F,0.0,0.0,0.0,0.0,0.0,0.0,0.093,0.1,0.5,0.136,0.2,0.429,0.0,0.0,0.0,0.636,1.4,0.276,0.0,0.0,0.0,0.0,0.0,0.0,0.0,0.0,0.0,0.0,0.0,0.0
Dairis Bertans,NOP,G,0.0,0.0,0.0,0.0,0.0,0.0,0.0,0.0,0.0,0.204,0.5,0.333,0.0,0.0,0.0,0.245,0.8,0.25,0.0,0.0,0.0,0.0,0.0,0.0,0.286,0.9,0.214,0.0,0.0,0.0
Patrick McCaw,TOR,G,0.0,0.0,0.0,0.132,0.1,0.571,0.0,0.0,0.0,0.276,0.1,0.833,0.0,0.0,0.0,0.303,0.6,0.25,0.0,0.0,0.0,0.0,0.0,0.0,0.0,0.0,0.0,0.0,0.0,0.0
Ryan Anderson,MIA,F,0.0,0.0,0.0,0.0,0.0,0.0,0.0,0.0,0.0,0.0,0.0,0.0,0.0,0.0,0.0,0.0,0.0,0.0,0.0,0.0,0.0,0.0,0.0,0.0,0.0,0.0,0.0,0.0,0.0,0.0
Jose Calderon,DET,G,0.0,0.0,0.0,0.441,0.6,0.491,0.0,0.0,0.0,0.075,0.1,0.0,0.0,0.0,0.0,0.255,0.5,0.368,0.124,0.3,0.235,0.0,0.0,0.0,0.0,0.0,0.0,0.0,0.0,0.0
Julian Washburn,MEM,F-G,0.0,0.0,0.0,0.0,0.0,0.0,0.0,0.0,0.0,0.193,0.3,0.5,0.0,0.0,0.0,0.386,1.0,0.143,0.0,0.0,0.0,0.0,0.0,0.0,0.0,0.0,0.0,0.0,0.0,0.0
Quincy Acy,PHX,F,0.0,0.0,0.0,0.0,0.0,0.0,0.423,0.7,0.3,0.0,0.0,0.0,0.0,0.0,0.0,0.0,0.0,0.0,0.0,0.0,0.0,0.0,0.0,0.0,0.0,0.0,0.0,0.0,0.0,0.0
